issuer,folder,pdf_filename,title_gss,ml_pred,ml_class,confidence,top_env,top_soc,needs_review,sector_keys,framing_body,framing_title,pdf_full_path
LUCY,20240103_LUCY_Penyampaian Prospektus,20240103_LUCY_Penyampaian Prospektus_Informasi Tambahan_31564018_lamp1.pdf,None,NonGSS,obligasi_biasa,0.8500,,,False,,,,D:\1. Important\Work\Bank Indonesia\DSta-DSMF\Green Bond Classification\data\pdf_by_content\01_prospektus_utama\20240103_LUCY_Penyampaian Prospektus\20240103_LUCY_Penyampaian Prospektus_Informasi Tambahan_31564018_lamp1.pdf
PYFA,20240111_PYFA_Prospektus Ringkas atas Pe_4de2fc,20240111_PYFA_Laporan Informasi dan Fakta Material_31567987_lamp1.pdf,False,NonGSS,obligasi_biasa,0.8500,,,False,,,,D:\1. Important\Work\Bank Indonesia\DSta-DSMF\Green Bond Classification\data\pdf_by_content\01_prospektus_utama\20240111_PYFA_Prospektus Ringkas atas Pe_4de2fc\20240111_PYFA_Laporan Informasi dan Fakta Material_31567987_lamp1.pdf
MAYA,20240112_MAYA_Penyampaian Prospektus,20240112_MAYA_Penyampaian Prospektus_Informasi Tambahan_31568335_lamp1.pdf,None,NonGSS,obligasi_biasa,0.7800,,,False,,,,D:\1. Important\Work\Bank Indonesia\DSta-DSMF\Green Bond Classification\data\pdf_by_content\01_prospektus_utama\20240112_MAYA_Penyampaian Prospektus\20240112_MAYA_Penyampaian Prospektus_Informasi Tambahan_31568335_lamp1.pdf
PALM,20240115_PALM_Prospektus Ringkas terkait_976acd,20240115_PALM_Laporan Informasi dan Fakta Material_31568638_lamp1.pdf,False,NonGSS,obligasi_biasa,0.8800,,,False,,,,D:\1. Important\Work\Bank Indonesia\DSta-DSMF\Green Bond Classification\data\pdf_by_content\01_prospektus_utama\20240115_PALM_Prospektus Ringkas terkait_976acd\20240115_PALM_Laporan Informasi dan Fakta Material_31568638_lamp1.pdf
PALM,20240115_PALM_Prospektus Ringkas terkait_976acd,20240115_PALM_Laporan Informasi dan Fakta Material_31568638_lamp2.pdf,False,NonGSS,obligasi_biasa,0.8800,,,False,,,,D:\1. Important\Work\Bank Indonesia\DSta-DSMF\Green Bond Classification\data\pdf_by_content\01_prospektus_utama\20240115_PALM_Prospektus Ringkas terkait_976acd\20240115_PALM_Laporan Informasi dan Fakta Material_31568638_lamp2.pdf
BFIN,20240122_BFIN_Penyampaian Prospektus,20240822_BFIN_Penyampaian Prospektus_Informasi Tambahan_31707617_lamp1.pdf,False,NonGSS,obligasi_biasa,0.8800,,,False,,,,D:\1. Important\Work\Bank Indonesia\DSta-DSMF\Green Bond Classification\data\pdf_by_content\01_prospektus_utama\20240122_BFIN_Penyampaian Prospektus\20240822_BFIN_Penyampaian Prospektus_Informasi Tambahan_31707617_lamp1.pdf
WIKA,20240123_WIKA_Prospektus Ringkas Penawar_72717d,20240123_WIKA_Laporan Informasi dan Fakta Material_31571064_lamp1.pdf,False,NonGSS,obligasi_biasa,0.8800,,,False,,,,D:\1. Important\Work\Bank Indonesia\DSta-DSMF\Green Bond Classification\data\pdf_by_content\01_prospektus_utama\20240123_WIKA_Prospektus Ringkas Penawar_72717d\20240123_WIKA_Laporan Informasi dan Fakta Material_31571064_lamp1.pdf
FREN,20240124_FREN_Prospektus Ringkas Penamba_f1e6d0,20240124_FREN_Laporan Informasi dan Fakta Material_31571389_lamp1.pdf,None,NonGSS,obligasi_biasa,0.7400,,,False,,,,D:\1. Important\Work\Bank Indonesia\DSta-DSMF\Green Bond Classification\data\pdf_by_content\01_prospektus_utama\20240124_FREN_Prospektus Ringkas Penamba_f1e6d0\20240124_FREN_Laporan Informasi dan Fakta Material_31571389_lamp1.pdf
FREN,20240124_FREN_Prospektus Ringkas Penamba_f1e6d0,20240124_FREN_Laporan Informasi dan Fakta Material_31571419_lamp1.pdf,None,NonGSS,obligasi_biasa,0.7400,,,False,,,,D:\1. Important\Work\Bank Indonesia\DSta-DSMF\Green Bond Classification\data\pdf_by_content\01_prospektus_utama\20240124_FREN_Prospektus Ringkas Penamba_f1e6d0\20240124_FREN_Laporan Informasi dan Fakta Material_31571419_lamp1.pdf
FREN,20240125_FREN_Prospektus Ringkas Penamba_f83e7d,20240125_FREN_Laporan Informasi dan Fakta Material_31571526_lamp1.pdf,None,NonGSS,obligasi_biasa,0.7700,,,False,,,,D:\1. Important\Work\Bank Indonesia\DSta-DSMF\Green Bond Classification\data\pdf_by_content\01_prospektus_utama\20240125_FREN_Prospektus Ringkas Penamba_f83e7d\20240125_FREN_Laporan Informasi dan Fakta Material_31571526_lamp1.pdf
HRTA,20240128_HRTA_Pemberitahuan atas Prospek_7988ec,20240828_HRTA_Laporan Informasi dan Fakta Material_31719573_lamp2.pdf,False,NonGSS,obligasi_biasa,0.8700,,,False,,,,D:\1. Important\Work\Bank Indonesia\DSta-DSMF\Green Bond Classification\data\pdf_by_content\01_prospektus_utama\20240128_HRTA_Pemberitahuan atas Prospek_7988ec\20240828_HRTA_Laporan Informasi dan Fakta Material_31719573_lamp2.pdf
SDRA,20240226_SDRA_Penyampaian Bukti Iklan Pe_337e48,20240226_SDRA_Penyampaian Bukti Iklan_31580735_lamp2.pdf,None,NonGSS,obligasi_biasa,0.8800,,,False,,,,D:\1. Important\Work\Bank Indonesia\DSta-DSMF\Green Bond Classification\data\pdf_by_content\01_prospektus_utama\20240226_SDRA_Penyampaian Bukti Iklan Pe_337e48\20240226_SDRA_Penyampaian Bukti Iklan_31580735_lamp2.pdf
BTPN,20240229_BTPN_Penyampaian Prospektus,20240229_BTPN_Penyampaian Prospektus_Informasi Tambahan_31582114_lamp1.pdf,False,NonGSS,obligasi_biasa,0.8800,,,False,,,,D:\1. Important\Work\Bank Indonesia\DSta-DSMF\Green Bond Classification\data\pdf_by_content\01_prospektus_utama\20240229_BTPN_Penyampaian Prospektus\20240229_BTPN_Penyampaian Prospektus_Informasi Tambahan_31582114_lamp1.pdf
BTPN,20240229_BTPN_Penyampaian Prospektus,20240229_BTPN_Penyampaian Prospektus_Informasi Tambahan_31582114_lamp2.pdf,False,NonGSS,obligasi_biasa,0.6200,,,False,,social bond|sustainability bond,,D:\1. Important\Work\Bank Indonesia\DSta-DSMF\Green Bond Classification\data\pdf_by_content\01_prospektus_utama\20240229_BTPN_Penyampaian Prospektus\20240229_BTPN_Penyampaian Prospektus_Informasi Tambahan_31582114_lamp2.pdf
SDRA,20240306_SDRA_Penyampaian Bukti Iklan Pe_752dd6,20240306_SDRA_Penyampaian Bukti Iklan_31594389_lamp1.pdf,None,NonGSS,obligasi_biasa,0.8000,,,False,,,,D:\1. Important\Work\Bank Indonesia\DSta-DSMF\Green Bond Classification\data\pdf_by_content\01_prospektus_utama\20240306_SDRA_Penyampaian Bukti Iklan Pe_752dd6\20240306_SDRA_Penyampaian Bukti Iklan_31594389_lamp1.pdf
SDRA,20240306_SDRA_Penyampaian Bukti Iklan Pe_752dd6,20240306_SDRA_Penyampaian Bukti Iklan_31594389_lamp2.pdf,None,NonGSS,obligasi_biasa,0.8800,,,False,,,,D:\1. Important\Work\Bank Indonesia\DSta-DSMF\Green Bond Classification\data\pdf_by_content\01_prospektus_utama\20240306_SDRA_Penyampaian Bukti Iklan Pe_752dd6\20240306_SDRA_Penyampaian Bukti Iklan_31594389_lamp2.pdf
SDRA,20240318_SDRA_Penyampaian Bukti Iklan Pe_5e256d,20240318_SDRA_Penyampaian Bukti Iklan_31607247_lamp2.pdf,None,NonGSS,obligasi_biasa,0.8800,,,False,,,,D:\1. Important\Work\Bank Indonesia\DSta-DSMF\Green Bond Classification\data\pdf_by_content\01_prospektus_utama\20240318_SDRA_Penyampaian Bukti Iklan Pe_5e256d\20240318_SDRA_Penyampaian Bukti Iklan_31607247_lamp2.pdf
SMMA,20240318_SMMA_Penyampaian Bukti Iklan Bu_8df291,20240318_SMMA_Penyampaian Bukti Iklan_31607169_lamp2.pdf,False,NonGSS,obligasi_biasa,0.8800,,,False,,,,D:\1. Important\Work\Bank Indonesia\DSta-DSMF\Green Bond Classification\data\pdf_by_content\01_prospektus_utama\20240318_SMMA_Penyampaian Bukti Iklan Bu_8df291\20240318_SMMA_Penyampaian Bukti Iklan_31607169_lamp2.pdf
FITT,20240322_FITT_Penyampaian Prospektus,20240322_FITT_Penyampaian Prospektus_Informasi Tambahan_31608814_lamp1.pdf,None,NonGSS,obligasi_biasa,0.8200,,,False,,,,D:\1. Important\Work\Bank Indonesia\DSta-DSMF\Green Bond Classification\data\pdf_by_content\01_prospektus_utama\20240322_FITT_Penyampaian Prospektus\20240322_FITT_Penyampaian Prospektus_Informasi Tambahan_31608814_lamp1.pdf
ASDF,20240328_ASDF_Penyampaian Prospektus,20240328_ASDF_Penyampaian Prospektus_Informasi Tambahan_31620661_lamp1.pdf,False,NonGSS,obligasi_biasa,0.8800,,,False,,,,D:\1. Important\Work\Bank Indonesia\DSta-DSMF\Green Bond Classification\data\pdf_by_content\01_prospektus_utama\20240328_ASDF_Penyampaian Prospektus\20240328_ASDF_Penyampaian Prospektus_Informasi Tambahan_31620661_lamp1.pdf
DSSA,20240401_DSSA_Penyampaian Bukti Iklan Pr_7ebaa8,20240401_DSSA_Penyampaian Bukti Iklan_31622216_lamp1.pdf,False,NonGSS,obligasi_biasa,0.8800,,,False,,,,D:\1. Important\Work\Bank Indonesia\DSta-DSMF\Green Bond Classification\data\pdf_by_content\01_prospektus_utama\20240401_DSSA_Penyampaian Bukti Iklan Pr_7ebaa8\20240401_DSSA_Penyampaian Bukti Iklan_31622216_lamp1.pdf
DSSA,20240401_DSSA_Penyampaian Prospektus,20240401_DSSA_Penyampaian Prospektus_Informasi Tambahan_31622284_lamp1.pdf,False,NonGSS,obligasi_biasa,0.8800,,,False,,,,D:\1. Important\Work\Bank Indonesia\DSta-DSMF\Green Bond Classification\data\pdf_by_content\01_prospektus_utama\20240401_DSSA_Penyampaian Prospektus\20240401_DSSA_Penyampaian Prospektus_Informasi Tambahan_31622284_lamp1.pdf
SMMA,20240401_SMMA_Penyampaian Bukti Iklan In_48fb25,20240401_SMMA_Penyampaian Bukti Iklan_31621655_lamp2.pdf,False,NonGSS,obligasi_biasa,0.8800,,,False,,,,D:\1. Important\Work\Bank Indonesia\DSta-DSMF\Green Bond Classification\data\pdf_by_content\01_prospektus_utama\20240401_SMMA_Penyampaian Bukti Iklan In_48fb25\20240401_SMMA_Penyampaian Bukti Iklan_31621655_lamp2.pdf
SMMA,20240401_SMMA_Penyampaian Prospektus,20240401_SMMA_Penyampaian Prospektus_Informasi Tambahan_31621670_lamp2.pdf,False,NonGSS,obligasi_biasa,0.8800,,,False,,,,D:\1. Important\Work\Bank Indonesia\DSta-DSMF\Green Bond Classification\data\pdf_by_content\01_prospektus_utama\20240401_SMMA_Penyampaian Prospektus\20240401_SMMA_Penyampaian Prospektus_Informasi Tambahan_31621670_lamp2.pdf
PYFA,20240404_PYFA_Informasi Tambahan atas Pr_b707d9,20240404_PYFA_Laporan Informasi dan Fakta Material_31624599_lamp1.pdf,False,NonGSS,obligasi_biasa,0.8800,,,False,,,,D:\1. Important\Work\Bank Indonesia\DSta-DSMF\Green Bond Classification\data\pdf_by_content\01_prospektus_utama\20240404_PYFA_Informasi Tambahan atas Pr_b707d9\20240404_PYFA_Laporan Informasi dan Fakta Material_31624599_lamp1.pdf
PYFA,20240404_PYFA_Penyampaian Prospektus,20240404_PYFA_Penyampaian Prospektus_Informasi Tambahan_31624549_lamp1.pdf,False,NonGSS,obligasi_biasa,0.8800,,,False,,,,D:\1. Important\Work\Bank Indonesia\DSta-DSMF\Green Bond Classification\data\pdf_by_content\01_prospektus_utama\20240404_PYFA_Penyampaian Prospektus\20240404_PYFA_Penyampaian Prospektus_Informasi Tambahan_31624549_lamp1.pdf
SDRA,20240416_SDRA_Penyampaian Bukti Iklan Bu_6c12bc,20240416_SDRA_Penyampaian Bukti Iklan_31626509_lamp2.pdf,None,NonGSS,obligasi_biasa,0.8000,,,False,,,,D:\1. Important\Work\Bank Indonesia\DSta-DSMF\Green Bond Classification\data\pdf_by_content\01_prospektus_utama\20240416_SDRA_Penyampaian Bukti Iklan Bu_6c12bc\20240416_SDRA_Penyampaian Bukti Iklan_31626509_lamp2.pdf
SDRA,20240416_SDRA_Penyampaian Prospektus,20240405_SDRA_Penyampaian Prospektus_Informasi Tambahan_31625611_lamp1.pdf,None,NonGSS,obligasi_biasa,0.8800,,,False,,,,D:\1. Important\Work\Bank Indonesia\DSta-DSMF\Green Bond Classification\data\pdf_by_content\01_prospektus_utama\20240416_SDRA_Penyampaian Prospektus\20240405_SDRA_Penyampaian Prospektus_Informasi Tambahan_31625611_lamp1.pdf
SDRA,20240416_SDRA_Prospektus PMHMETD IV,20240416_SDRA_Laporan Informasi dan Fakta Material_31626482_lamp3.pdf,None,NonGSS,obligasi_biasa,0.8000,,,False,,,,D:\1. Important\Work\Bank Indonesia\DSta-DSMF\Green Bond Classification\data\pdf_by_content\01_prospektus_utama\20240416_SDRA_Prospektus PMHMETD IV\20240416_SDRA_Laporan Informasi dan Fakta Material_31626482_lamp3.pdf
ASDF,20240419_ASDF_Penyampaian Prospektus,20240418_ASDF_Penyampaian Prospektus_Informasi Tambahan_31627152_lamp1.pdf,False,NonGSS,obligasi_biasa,0.8800,,,False,,,,D:\1. Important\Work\Bank Indonesia\DSta-DSMF\Green Bond Classification\data\pdf_by_content\01_prospektus_utama\20240419_ASDF_Penyampaian Prospektus\20240418_ASDF_Penyampaian Prospektus_Informasi Tambahan_31627152_lamp1.pdf
FREN,20240419_FREN_Penyampaian Prospektus,20240419_FREN_Penyampaian Prospektus_Informasi Tambahan_31627440_lamp1.pdf,None,NonGSS,obligasi_biasa,0.7300,,,False,,,,D:\1. Important\Work\Bank Indonesia\DSta-DSMF\Green Bond Classification\data\pdf_by_content\01_prospektus_utama\20240419_FREN_Penyampaian Prospektus\20240419_FREN_Penyampaian Prospektus_Informasi Tambahan_31627440_lamp1.pdf
HRTA,20240426_HRTA_Pemberitahuan atas Prospek_fb503f,20240426_HRTA_Laporan Informasi dan Fakta Material_31630168_lamp2.pdf,False,NonGSS,obligasi_biasa,0.8400,,,False,,,,D:\1. Important\Work\Bank Indonesia\DSta-DSMF\Green Bond Classification\data\pdf_by_content\01_prospektus_utama\20240426_HRTA_Pemberitahuan atas Prospek_fb503f\20240426_HRTA_Laporan Informasi dan Fakta Material_31630168_lamp2.pdf
HRTA,20240503_HRTA_Informasi Tambahan atas Pr_983cea,20240503_HRTA_Laporan Informasi dan Fakta Material_31634336_lamp2.pdf,False,NonGSS,obligasi_biasa,0.8800,,,False,,,,D:\1. Important\Work\Bank Indonesia\DSta-DSMF\Green Bond Classification\data\pdf_by_content\01_prospektus_utama\20240503_HRTA_Informasi Tambahan atas Pr_983cea\20240503_HRTA_Laporan Informasi dan Fakta Material_31634336_lamp2.pdf
BBIA,20240529_BBIA_Penyampaian Bukti Iklan Pr_f9c040,20240529_BBIA_Penyampaian Bukti Iklan_31643716_lamp3.pdf,False,NonGSS,obligasi_biasa,0.8800,,,False,,,,D:\1. Important\Work\Bank Indonesia\DSta-DSMF\Green Bond Classification\data\pdf_by_content\01_prospektus_utama\20240529_BBIA_Penyampaian Bukti Iklan Pr_f9c040\20240529_BBIA_Penyampaian Bukti Iklan_31643716_lamp3.pdf
WOMF,20240530_WOMF_Penyampaian Prospektus,20240530_WOMF_Penyampaian Prospektus_Informasi Tambahan_31644205_lamp1.pdf,False,NonGSS,obligasi_biasa,0.8800,,,False,,,,D:\1. Important\Work\Bank Indonesia\DSta-DSMF\Green Bond Classification\data\pdf_by_content\01_prospektus_utama\20240530_WOMF_Penyampaian Prospektus\20240530_WOMF_Penyampaian Prospektus_Informasi Tambahan_31644205_lamp1.pdf
WOMF,20240530_WOMF_Penyampaian Prospektus,20240530_WOMF_Penyampaian Prospektus_Informasi Tambahan_31644205_lamp2.pdf,False,NonGSS,obligasi_biasa,0.8800,,,False,,,,D:\1. Important\Work\Bank Indonesia\DSta-DSMF\Green Bond Classification\data\pdf_by_content\01_prospektus_utama\20240530_WOMF_Penyampaian Prospektus\20240530_WOMF_Penyampaian Prospektus_Informasi Tambahan_31644205_lamp2.pdf
PTPP,20240607_PTPP_Penyampaian Prospektus,20240607_PTPP_Penyampaian Prospektus_Informasi Tambahan_31648261_lamp1.pdf,False,NonGSS,obligasi_biasa,0.8300,,,False,,,,D:\1. Important\Work\Bank Indonesia\DSta-DSMF\Green Bond Classification\data\pdf_by_content\01_prospektus_utama\20240607_PTPP_Penyampaian Prospektus\20240607_PTPP_Penyampaian Prospektus_Informasi Tambahan_31648261_lamp1.pdf
INCO,20240610_INCO_Penyampaian Prospektus,20240610_INCO_Penyampaian Prospektus_Informasi Tambahan_31659329_lamp1.pdf,None,NonGSS,obligasi_biasa,0.8800,,,False,,,,D:\1. Important\Work\Bank Indonesia\DSta-DSMF\Green Bond Classification\data\pdf_by_content\01_prospektus_utama\20240610_INCO_Penyampaian Prospektus\20240610_INCO_Penyampaian Prospektus_Informasi Tambahan_31659329_lamp1.pdf
INCO,20240610_INCO_Penyampaian Prospektus (KOREKSI),20240610_INCO_Penyampaian Prospektus_Informasi Tambahan_31659841_lamp2.pdf,None,NonGSS,obligasi_biasa,0.8800,,,False,,,,D:\1. Important\Work\Bank Indonesia\DSta-DSMF\Green Bond Classification\data\pdf_by_content\01_prospektus_utama\20240610_INCO_Penyampaian Prospektus (KOREKSI)\20240610_INCO_Penyampaian Prospektus_Informasi Tambahan_31659841_lamp2.pdf
TPMA,20240611_TPMA_Penyampaian Prospektus,20240611_TPMA_Penyampaian Prospektus_Informasi Tambahan_31659960_lamp2.pdf,None,NonGSS,obligasi_biasa,0.8700,,,False,,,,D:\1. Important\Work\Bank Indonesia\DSta-DSMF\Green Bond Classification\data\pdf_by_content\01_prospektus_utama\20240611_TPMA_Penyampaian Prospektus\20240611_TPMA_Penyampaian Prospektus_Informasi Tambahan_31659960_lamp2.pdf
BVIC,20240612_BVIC_Penyampaian Bukti Iklan Pr_ce6568,20240612_BVIC_Penyampaian Bukti Iklan_31660859_lamp1.pdf,False,NonGSS,obligasi_biasa,0.6100,,,False,,,,D:\1. Important\Work\Bank Indonesia\DSta-DSMF\Green Bond Classification\data\pdf_by_content\01_prospektus_utama\20240612_BVIC_Penyampaian Bukti Iklan Pr_ce6568\20240612_BVIC_Penyampaian Bukti Iklan_31660859_lamp1.pdf
MTEL,20240619_MTEL_Penyampaian Bukti Iklan Pr_f1ebac,20240619_MTEL_Penyampaian Bukti Iklan_31662463_lamp2.pdf,None,NonGSS,obligasi_biasa,0.8000,,,False,,,,D:\1. Important\Work\Bank Indonesia\DSta-DSMF\Green Bond Classification\data\pdf_by_content\01_prospektus_utama\20240619_MTEL_Penyampaian Bukti Iklan Pr_f1ebac\20240619_MTEL_Penyampaian Bukti Iklan_31662463_lamp2.pdf
MTEL,20240619_MTEL_Prospektus Ringkas Penawar_a36a31,20240619_MTEL_Laporan Informasi dan Fakta Material_31662458_lamp2.pdf,None,NonGSS,obligasi_biasa,0.8000,,,False,,,,D:\1. Important\Work\Bank Indonesia\DSta-DSMF\Green Bond Classification\data\pdf_by_content\01_prospektus_utama\20240619_MTEL_Prospektus Ringkas Penawar_a36a31\20240619_MTEL_Laporan Informasi dan Fakta Material_31662458_lamp2.pdf
PRTL,20240619_PRTL_Prospektus Ringkas Penawar_82e9ad,20240619_PRTL_Laporan Informasi dan Fakta Material_31662250_lamp1.pdf,False,NonGSS,obligasi_biasa,0.8800,,,False,,,,D:\1. Important\Work\Bank Indonesia\DSta-DSMF\Green Bond Classification\data\pdf_by_content\01_prospektus_utama\20240619_PRTL_Prospektus Ringkas Penawar_82e9ad\20240619_PRTL_Laporan Informasi dan Fakta Material_31662250_lamp1.pdf
PRTL,20240619_PRTL_Prospektus Ringkas Penawar_82e9ad,20240619_PRTL_Laporan Informasi dan Fakta Material_31662250_lamp2.pdf,False,NonGSS,obligasi_biasa,0.8800,,,False,,,,D:\1. Important\Work\Bank Indonesia\DSta-DSMF\Green Bond Classification\data\pdf_by_content\01_prospektus_utama\20240619_PRTL_Prospektus Ringkas Penawar_82e9ad\20240619_PRTL_Laporan Informasi dan Fakta Material_31662250_lamp2.pdf
PRTL,20240619_PRTL_Surat Pengantar atas Bukti_7465fe,20240619_PRTL_Laporan Informasi dan Fakta Material_31662315_lamp1.pdf,False,NonGSS,obligasi_biasa,0.8800,,,False,,,,D:\1. Important\Work\Bank Indonesia\DSta-DSMF\Green Bond Classification\data\pdf_by_content\01_prospektus_utama\20240619_PRTL_Surat Pengantar atas Bukti_7465fe\20240619_PRTL_Laporan Informasi dan Fakta Material_31662315_lamp1.pdf
BBIA,20240620_BBIA_Penyampaian Bukti Iklan In_ca4d62,20240620_BBIA_Penyampaian Bukti Iklan_31663295_lamp1.pdf,False,NonGSS,obligasi_biasa,0.8800,,,False,,,,D:\1. Important\Work\Bank Indonesia\DSta-DSMF\Green Bond Classification\data\pdf_by_content\01_prospektus_utama\20240620_BBIA_Penyampaian Bukti Iklan In_ca4d62\20240620_BBIA_Penyampaian Bukti Iklan_31663295_lamp1.pdf
ADHI,20240621_ADHI_Penyampaian Prospektus,20240621_ADHI_Penyampaian Prospektus_Informasi Tambahan_31663323_lamp1.pdf,False,NonGSS,obligasi_biasa,0.8800,,,False,,,,D:\1. Important\Work\Bank Indonesia\DSta-DSMF\Green Bond Classification\data\pdf_by_content\01_prospektus_utama\20240621_ADHI_Penyampaian Prospektus\20240621_ADHI_Penyampaian Prospektus_Informasi Tambahan_31663323_lamp1.pdf
ADHI,20240622_ADHI_Penyampaian Bukti Iklan Pr_dc93d7,20240622_ADHI_Penyampaian Bukti Iklan_31663900_lamp1.pdf,False,NonGSS,obligasi_biasa,0.8800,,,False,,,,D:\1. Important\Work\Bank Indonesia\DSta-DSMF\Green Bond Classification\data\pdf_by_content\01_prospektus_utama\20240622_ADHI_Penyampaian Bukti Iklan Pr_dc93d7\20240622_ADHI_Penyampaian Bukti Iklan_31663900_lamp1.pdf
WOMF,20240624_WOMF_Penyampaian Bukti Iklan La_c4fde6,20240624_WOMF_Penyampaian Bukti Iklan_31674111_lamp2.pdf,False,NonGSS,obligasi_biasa,0.6600,,,False,,,,D:\1. Important\Work\Bank Indonesia\DSta-DSMF\Green Bond Classification\data\pdf_by_content\01_prospektus_utama\20240624_WOMF_Penyampaian Bukti Iklan La_c4fde6\20240624_WOMF_Penyampaian Bukti Iklan_31674111_lamp2.pdf
WOMF,20240624_WOMF_Penyampaian Prospektus,20240624_WOMF_Penyampaian Prospektus_Informasi Tambahan_31674099_lamp1.pdf,False,NonGSS,obligasi_biasa,0.6600,,,False,,,,D:\1. Important\Work\Bank Indonesia\DSta-DSMF\Green Bond Classification\data\pdf_by_content\01_prospektus_utama\20240624_WOMF_Penyampaian Prospektus\20240624_WOMF_Penyampaian Prospektus_Informasi Tambahan_31674099_lamp1.pdf
WOMF,20240624_WOMF_Penyampaian Prospektus,20240624_WOMF_Penyampaian Prospektus_Informasi Tambahan_31674099_lamp2.pdf,False,NonGSS,obligasi_biasa,0.8800,,,False,,,,D:\1. Important\Work\Bank Indonesia\DSta-DSMF\Green Bond Classification\data\pdf_by_content\01_prospektus_utama\20240624_WOMF_Penyampaian Prospektus\20240624_WOMF_Penyampaian Prospektus_Informasi Tambahan_31674099_lamp2.pdf
WOMF,20240625_WOMF_Penyampaian Prospektus,20240625_WOMF_Penyampaian Prospektus_Informasi Tambahan_31674568_lamp1.pdf,False,NonGSS,obligasi_biasa,0.8800,,,False,,,,D:\1. Important\Work\Bank Indonesia\DSta-DSMF\Green Bond Classification\data\pdf_by_content\01_prospektus_utama\20240625_WOMF_Penyampaian Prospektus\20240625_WOMF_Penyampaian Prospektus_Informasi Tambahan_31674568_lamp1.pdf
WOMF,20240625_WOMF_Penyampaian Prospektus,20240625_WOMF_Penyampaian Prospektus_Informasi Tambahan_31674568_lamp2.pdf,False,NonGSS,obligasi_biasa,0.8800,,,False,,,,D:\1. Important\Work\Bank Indonesia\DSta-DSMF\Green Bond Classification\data\pdf_by_content\01_prospektus_utama\20240625_WOMF_Penyampaian Prospektus\20240625_WOMF_Penyampaian Prospektus_Informasi Tambahan_31674568_lamp2.pdf
BIIF,20240626_BIIF_Penyampaian Bukti Iklan Pe_42f891,20240626_BIIF_Penyampaian Bukti Iklan_31675715_lamp3.pdf,False,NonGSS,obligasi_biasa,0.8800,,,False,,,,D:\1. Important\Work\Bank Indonesia\DSta-DSMF\Green Bond Classification\data\pdf_by_content\01_prospektus_utama\20240626_BIIF_Penyampaian Bukti Iklan Pe_42f891\20240626_BIIF_Penyampaian Bukti Iklan_31675715_lamp3.pdf
CNAF,20240628_CNAF_Penyampaian Prospektus,20240628_CNAF_Penyampaian Prospektus_Informasi Tambahan_31676982_lamp2.pdf,False,NonGSS,obligasi_biasa,0.8400,,,False,,,,D:\1. Important\Work\Bank Indonesia\DSta-DSMF\Green Bond Classification\data\pdf_by_content\01_prospektus_utama\20240628_CNAF_Penyampaian Prospektus\20240628_CNAF_Penyampaian Prospektus_Informasi Tambahan_31676982_lamp2.pdf
HIFI,20240628_HIFI_Penyampaian Prospektus,20240628_HIFI_Penyampaian Prospektus_Informasi Tambahan_31676584_lamp1.pdf,False,NonGSS,obligasi_biasa,0.8800,,,False,,,,D:\1. Important\Work\Bank Indonesia\DSta-DSMF\Green Bond Classification\data\pdf_by_content\01_prospektus_utama\20240628_HIFI_Penyampaian Prospektus\20240628_HIFI_Penyampaian Prospektus_Informasi Tambahan_31676584_lamp1.pdf
HIFI,20240628_HIFI_Penyampaian Prospektus,20240628_HIFI_Penyampaian Prospektus_Informasi Tambahan_31676584_lamp2.pdf,False,NonGSS,obligasi_biasa,0.8800,,,False,,,,D:\1. Important\Work\Bank Indonesia\DSta-DSMF\Green Bond Classification\data\pdf_by_content\01_prospektus_utama\20240628_HIFI_Penyampaian Prospektus\20240628_HIFI_Penyampaian Prospektus_Informasi Tambahan_31676584_lamp2.pdf
PRTL,20240701_PRTL_Prospektus Ringkas Penawar_d4d68c,20240701_PRTL_Laporan Informasi dan Fakta Material_31677334_lamp2.pdf,False,NonGSS,obligasi_biasa,0.8800,,,False,,,,D:\1. Important\Work\Bank Indonesia\DSta-DSMF\Green Bond Classification\data\pdf_by_content\01_prospektus_utama\20240701_PRTL_Prospektus Ringkas Penawar_d4d68c\20240701_PRTL_Laporan Informasi dan Fakta Material_31677334_lamp2.pdf
PRTL,20240701_PRTL_Surat Pengantar Bukti Peng_e8fcb6,20240701_PRTL_Laporan Informasi dan Fakta Material_31677428_lamp1.pdf,False,NonGSS,obligasi_biasa,0.8800,,,False,,,,D:\1. Important\Work\Bank Indonesia\DSta-DSMF\Green Bond Classification\data\pdf_by_content\01_prospektus_utama\20240701_PRTL_Surat Pengantar Bukti Peng_e8fcb6\20240701_PRTL_Laporan Informasi dan Fakta Material_31677428_lamp1.pdf
BBYB,20240703_BBYB_Penyampaian Bukti Iklan Pu_1e7ec0,20240703_BBYB_Penyampaian Bukti Iklan_31679227_lamp1.pdf,None,NonGSS,obligasi_biasa,0.8800,,,False,,,,D:\1. Important\Work\Bank Indonesia\DSta-DSMF\Green Bond Classification\data\pdf_by_content\01_prospektus_utama\20240703_BBYB_Penyampaian Bukti Iklan Pu_1e7ec0\20240703_BBYB_Penyampaian Bukti Iklan_31679227_lamp1.pdf
BWPT,20240712_BWPT_Penyampaian Bukti Iklan bu_b1cea6,20240712_BWPT_Penyampaian Bukti Iklan_31683365_lamp1.pdf,False,NonGSS,obligasi_biasa,0.8800,,,False,,,,D:\1. Important\Work\Bank Indonesia\DSta-DSMF\Green Bond Classification\data\pdf_by_content\01_prospektus_utama\20240712_BWPT_Penyampaian Bukti Iklan bu_b1cea6\20240712_BWPT_Penyampaian Bukti Iklan_31683365_lamp1.pdf
MSIE,20240730_MSIE_Permohonan Perubahan Infor_7549e5,20240730_MSIE_Laporan Informasi dan Fakta Material_31689015_lamp1.pdf,None,NonGSS,obligasi_biasa,0.8800,,,False,,,,D:\1. Important\Work\Bank Indonesia\DSta-DSMF\Green Bond Classification\data\pdf_by_content\01_prospektus_utama\20240730_MSIE_Permohonan Perubahan Infor_7549e5\20240730_MSIE_Laporan Informasi dan Fakta Material_31689015_lamp1.pdf
HRTA,20240909_HRTA_Penyampaian Dokumen Inform_e89af9,20240909_HRTA_Laporan Informasi dan Fakta Material_31723626_lamp1.pdf,False,NonGSS,obligasi_biasa,0.8800,,,False,,,,D:\1. Important\Work\Bank Indonesia\DSta-DSMF\Green Bond Classification\data\pdf_by_content\01_prospektus_utama\20240909_HRTA_Penyampaian Dokumen Inform_e89af9\20240909_HRTA_Laporan Informasi dan Fakta Material_31723626_lamp1.pdf
HRTA,20240909_HRTA_Penyampaian Dokumen Inform_e89af9,20240909_HRTA_Laporan Informasi dan Fakta Material_31723626_lamp2.pdf,False,NonGSS,obligasi_biasa,0.8800,,,False,,,,D:\1. Important\Work\Bank Indonesia\DSta-DSMF\Green Bond Classification\data\pdf_by_content\01_prospektus_utama\20240909_HRTA_Penyampaian Dokumen Inform_e89af9\20240909_HRTA_Laporan Informasi dan Fakta Material_31723626_lamp2.pdf
INKP,20240910_INKP_Prospektus Ringkas Penawar_c47ac9,20240910_INKP_Laporan Informasi dan Fakta Material_31724579_lamp2.pdf,False,NonGSS,obligasi_biasa,0.8000,,,False,,,,D:\1. Important\Work\Bank Indonesia\DSta-DSMF\Green Bond Classification\data\pdf_by_content\01_prospektus_utama\20240910_INKP_Prospektus Ringkas Penawar_c47ac9\20240910_INKP_Laporan Informasi dan Fakta Material_31724579_lamp2.pdf
LPPI,20240910_LPPI_Penyampaian Bukti Iklan Pr_53ddfb,20240910_LPPI_Penyampaian Bukti Iklan_31724268_lamp2.pdf,False,NonGSS,obligasi_biasa,0.6200,,,False,,,,D:\1. Important\Work\Bank Indonesia\DSta-DSMF\Green Bond Classification\data\pdf_by_content\01_prospektus_utama\20240910_LPPI_Penyampaian Bukti Iklan Pr_53ddfb\20240910_LPPI_Penyampaian Bukti Iklan_31724268_lamp2.pdf
LPPI,20240910_LPPI_Prospektus Ringkas Obligas_588af7,20240910_LPPI_Laporan Informasi dan Fakta Material_31724583_lamp2.pdf,False,NonGSS,obligasi_biasa,0.6400,,,False,,,,D:\1. Important\Work\Bank Indonesia\DSta-DSMF\Green Bond Classification\data\pdf_by_content\01_prospektus_utama\20240910_LPPI_Prospektus Ringkas Obligas_588af7\20240910_LPPI_Laporan Informasi dan Fakta Material_31724583_lamp2.pdf
HRTA,20240911_HRTA_Penyampaian Bukti Iklan Pe_f38dd5,20240911_HRTA_Penyampaian Bukti Iklan_31724964_lamp1.pdf,False,NonGSS,obligasi_biasa,0.8800,,,False,,,,D:\1. Important\Work\Bank Indonesia\DSta-DSMF\Green Bond Classification\data\pdf_by_content\01_prospektus_utama\20240911_HRTA_Penyampaian Bukti Iklan Pe_f38dd5\20240911_HRTA_Penyampaian Bukti Iklan_31724964_lamp1.pdf
ASDF,20240913_ASDF_Penyampaian Prospektus,20240913_ASDF_Penyampaian Prospektus_Informasi Tambahan_31725974_lamp1.pdf,False,NonGSS,obligasi_biasa,0.8800,,,False,,,,D:\1. Important\Work\Bank Indonesia\DSta-DSMF\Green Bond Classification\data\pdf_by_content\01_prospektus_utama\20240913_ASDF_Penyampaian Prospektus\20240913_ASDF_Penyampaian Prospektus_Informasi Tambahan_31725974_lamp1.pdf
BFIN,20240919_BFIN_Penyampaian Bukti Iklan Pe_e87b0c,20240919_BFIN_Penyampaian Bukti Iklan_31727077_lamp4.pdf,False,NonGSS,obligasi_biasa,0.8800,,,False,,,,D:\1. Important\Work\Bank Indonesia\DSta-DSMF\Green Bond Classification\data\pdf_by_content\01_prospektus_utama\20240919_BFIN_Penyampaian Bukti Iklan Pe_e87b0c\20240919_BFIN_Penyampaian Bukti Iklan_31727077_lamp4.pdf
BFIN,20240919_BFIN_Penyampaian Prospektus,20240919_BFIN_Penyampaian Prospektus_Informasi Tambahan_31727057_lamp1.pdf,False,NonGSS,obligasi_biasa,0.8800,,,False,,,,D:\1. Important\Work\Bank Indonesia\DSta-DSMF\Green Bond Classification\data\pdf_by_content\01_prospektus_utama\20240919_BFIN_Penyampaian Prospektus\20240919_BFIN_Penyampaian Prospektus_Informasi Tambahan_31727057_lamp1.pdf
HRTA,20240923_HRTA_Penyampaian Dokumen Peruba_985f9f,20240923_HRTA_Laporan Informasi dan Fakta Material_31727923_lamp1.pdf,False,NonGSS,obligasi_biasa,0.8800,,,False,,,,D:\1. Important\Work\Bank Indonesia\DSta-DSMF\Green Bond Classification\data\pdf_by_content\01_prospektus_utama\20240923_HRTA_Penyampaian Dokumen Peruba_985f9f\20240923_HRTA_Laporan Informasi dan Fakta Material_31727923_lamp1.pdf
HRTA,20240925_HRTA_Penyampaian Bukti Iklan Pe_b35fa5,20240925_HRTA_Penyampaian Bukti Iklan_31729081_lamp2.pdf,False,NonGSS,obligasi_biasa,0.8800,,,False,,,,D:\1. Important\Work\Bank Indonesia\DSta-DSMF\Green Bond Classification\data\pdf_by_content\01_prospektus_utama\20240925_HRTA_Penyampaian Bukti Iklan Pe_b35fa5\20240925_HRTA_Penyampaian Bukti Iklan_31729081_lamp2.pdf
KAII,20241104_KAII_Penyampaian Prospektus Rin_fbdc15,20241104_KAII_Laporan Informasi dan Fakta Material_31753049_lamp1.pdf,False,NonGSS,obligasi_biasa,0.8800,,,False,,,,D:\1. Important\Work\Bank Indonesia\DSta-DSMF\Green Bond Classification\data\pdf_by_content\01_prospektus_utama\20241104_KAII_Penyampaian Prospektus Rin_fbdc15\20241104_KAII_Laporan Informasi dan Fakta Material_31753049_lamp1.pdf
PTRO,20241113_PTRO_Penyampaian Prospektus,20241113_PTRO_Penyampaian Prospektus_Informasi Tambahan_31767404_lamp2.pdf,False,NonGSS,obligasi_biasa,0.4900,,,False,,,,D:\1. Important\Work\Bank Indonesia\DSta-DSMF\Green Bond Classification\data\pdf_by_content\01_prospektus_utama\20241113_PTRO_Penyampaian Prospektus\20241113_PTRO_Penyampaian Prospektus_Informasi Tambahan_31767404_lamp2.pdf
HRTA,20241122_HRTA_Penyampaian Bukti Iklan Pe_ef89be,20241122_HRTA_Penyampaian Bukti Iklan_31780645_lamp1.pdf,False,NonGSS,obligasi_biasa,0.8800,,,False,,,,D:\1. Important\Work\Bank Indonesia\DSta-DSMF\Green Bond Classification\data\pdf_by_content\01_prospektus_utama\20241122_HRTA_Penyampaian Bukti Iklan Pe_ef89be\20241122_HRTA_Penyampaian Bukti Iklan_31780645_lamp1.pdf
ADRO,20241129_ADRO_Penyampaian Prospektus,20241129_ADRO_Penyampaian Prospektus_Informasi Tambahan_31792715_lamp1.pdf,None,NonGSS,obligasi_biasa,0.8000,,,False,,,,D:\1. Important\Work\Bank Indonesia\DSta-DSMF\Green Bond Classification\data\pdf_by_content\01_prospektus_utama\20241129_ADRO_Penyampaian Prospektus\20241129_ADRO_Penyampaian Prospektus_Informasi Tambahan_31792715_lamp1.pdf
MDKA,20241129_MDKA_Penyampaian Bukti Iklan Pe_da30a0,20241129_MDKA_Penyampaian Bukti Iklan_31792735_lamp1.pdf,False,NonGSS,obligasi_biasa,0.8300,,,False,,,,D:\1. Important\Work\Bank Indonesia\DSta-DSMF\Green Bond Classification\data\pdf_by_content\01_prospektus_utama\20241129_MDKA_Penyampaian Bukti Iklan Pe_da30a0\20241129_MDKA_Penyampaian Bukti Iklan_31792735_lamp1.pdf
PTRO,20241209_PTRO_Penyampaian Prospektus,20241209_PTRO_Penyampaian Prospektus_Informasi Tambahan_31817131_lamp2.pdf,False,NonGSS,obligasi_biasa,0.4700,,,False,,,,D:\1. Important\Work\Bank Indonesia\DSta-DSMF\Green Bond Classification\data\pdf_by_content\01_prospektus_utama\20241209_PTRO_Penyampaian Prospektus\20241209_PTRO_Penyampaian Prospektus_Informasi Tambahan_31817131_lamp2.pdf
PIDL,20241212_PIDL_Penyampaian Bukti Iklan Pr_cd340f,20241212_PIDL_Penyampaian Bukti Iklan_31818566_lamp2.pdf,False,NonGSS,obligasi_biasa,0.6500,,,False,,,,D:\1. Important\Work\Bank Indonesia\DSta-DSMF\Green Bond Classification\data\pdf_by_content\01_prospektus_utama\20241212_PIDL_Penyampaian Bukti Iklan Pr_cd340f\20241212_PIDL_Penyampaian Bukti Iklan_31818566_lamp2.pdf
PALM,20250107_PALM_Penyampaian Prospektus,20250807_PALM_Penyampaian Prospektus_Informasi Tambahan_31931475_lamp1.pdf,False,NonGSS,obligasi_biasa,0.8800,,,False,,,,D:\1. Important\Work\Bank Indonesia\DSta-DSMF\Green Bond Classification\data\pdf_by_content\01_prospektus_utama\20250107_PALM_Penyampaian Prospektus\20250807_PALM_Penyampaian Prospektus_Informasi Tambahan_31931475_lamp1.pdf
BBKP,20250111_BBKP_Penyampaian Prospektus,20250811_BBKP_Penyampaian Prospektus_Informasi Tambahan_31932263_lamp1.pdf,False,NonGSS,obligasi_biasa,0.8800,,,False,,,,D:\1. Important\Work\Bank Indonesia\DSta-DSMF\Green Bond Classification\data\pdf_by_content\01_prospektus_utama\20250111_BBKP_Penyampaian Prospektus\20250811_BBKP_Penyampaian Prospektus_Informasi Tambahan_31932263_lamp1.pdf
HRTA,20250121_HRTA_Penyampaian Bukti Iklan Bu_f200e8,20250117_HRTA_Penyampaian Bukti Iklan_31846348_lamp1.pdf,False,NonGSS,obligasi_biasa,0.8800,,,False,,,,D:\1. Important\Work\Bank Indonesia\DSta-DSMF\Green Bond Classification\data\pdf_by_content\01_prospektus_utama\20250121_HRTA_Penyampaian Bukti Iklan Bu_f200e8\20250117_HRTA_Penyampaian Bukti Iklan_31846348_lamp1.pdf
BBKP,20250127_BBKP_Penyampaian Prospektus,20250827_BBKP_Penyampaian Prospektus_Informasi Tambahan_31935348_lamp2.pdf,False,NonGSS,obligasi_biasa,0.8800,,,False,,,,D:\1. Important\Work\Bank Indonesia\DSta-DSMF\Green Bond Classification\data\pdf_by_content\01_prospektus_utama\20250127_BBKP_Penyampaian Prospektus\20250827_BBKP_Penyampaian Prospektus_Informasi Tambahan_31935348_lamp2.pdf
ASDF,20250224_ASDF_Penyampaian Prospektus,20250224_ASDF_Penyampaian Prospektus_Informasi Tambahan_31864467_lamp2.pdf,False,NonGSS,obligasi_biasa,0.8800,,,False,,,,D:\1. Important\Work\Bank Indonesia\DSta-DSMF\Green Bond Classification\data\pdf_by_content\01_prospektus_utama\20250224_ASDF_Penyampaian Prospektus\20250224_ASDF_Penyampaian Prospektus_Informasi Tambahan_31864467_lamp2.pdf
BEKS,20250418_BEKS_Prospektus Ringkas Penamba_7c4c46,20250418_BEKS_Laporan Informasi dan Fakta Material_31876514_lamp1.pdf,None,NonGSS,obligasi_biasa,0.8800,,,False,,,,D:\1. Important\Work\Bank Indonesia\DSta-DSMF\Green Bond Classification\data\pdf_by_content\01_prospektus_utama\20250418_BEKS_Prospektus Ringkas Penamba_7c4c46\20250418_BEKS_Laporan Informasi dan Fakta Material_31876514_lamp1.pdf
LPCK,20250421_LPCK_Penyampaian Prospektus,20250417_LPCK_Penyampaian Prospektus_Informasi Tambahan_31876367_lamp2.pdf,None,NonGSS,obligasi_biasa,0.6700,,,False,,,,D:\1. Important\Work\Bank Indonesia\DSta-DSMF\Green Bond Classification\data\pdf_by_content\01_prospektus_utama\20250421_LPCK_Penyampaian Prospektus\20250417_LPCK_Penyampaian Prospektus_Informasi Tambahan_31876367_lamp2.pdf
MEDC,20250422_MEDC_Penyampaian Prospektus,20250422_MEDC_Penyampaian Prospektus_Informasi Tambahan_31876946_lamp2.pdf,False,NonGSS,obligasi_biasa,0.8800,,,False,,,,D:\1. Important\Work\Bank Indonesia\DSta-DSMF\Green Bond Classification\data\pdf_by_content\01_prospektus_utama\20250422_MEDC_Penyampaian Prospektus\20250422_MEDC_Penyampaian Prospektus_Informasi Tambahan_31876946_lamp2.pdf
MEDP,20250428_MEDP_Pemberitahuan atas Prospek_a005e4,20250426_MEDP_Laporan Informasi dan Fakta Material_31878371_lamp1.pdf,False,NonGSS,obligasi_biasa,0.8500,,,False,,,,D:\1. Important\Work\Bank Indonesia\DSta-DSMF\Green Bond Classification\data\pdf_by_content\01_prospektus_utama\20250428_MEDP_Pemberitahuan atas Prospek_a005e4\20250426_MEDP_Laporan Informasi dan Fakta Material_31878371_lamp1.pdf
IMJS,20250430_IMJS_Prospektus Ringkas Penawar_f61a15,20250430_IMJS_Laporan Informasi dan Fakta Material_31879954_lamp1.pdf,None,NonGSS,obligasi_biasa,0.7000,,,False,,,,D:\1. Important\Work\Bank Indonesia\DSta-DSMF\Green Bond Classification\data\pdf_by_content\01_prospektus_utama\20250430_IMJS_Prospektus Ringkas Penawar_f61a15\20250430_IMJS_Laporan Informasi dan Fakta Material_31879954_lamp1.pdf
CARE,20250514_CARE_Pemberitahuan atas Prospek_b98f43,20250514_CARE_Laporan Informasi dan Fakta Material_31885516_lamp1.pdf,False,NonGSS,obligasi_biasa,0.8200,,,False,,,,D:\1. Important\Work\Bank Indonesia\DSta-DSMF\Green Bond Classification\data\pdf_by_content\01_prospektus_utama\20250514_CARE_Pemberitahuan atas Prospek_b98f43\20250514_CARE_Laporan Informasi dan Fakta Material_31885516_lamp1.pdf
CARE,20250514_CARE_Pemberitahuan atas Prospek_b98f43,20250514_CARE_Laporan Informasi dan Fakta Material_31885524_lamp2.pdf,False,NonGSS,obligasi_biasa,0.8200,,,False,,,,D:\1. Important\Work\Bank Indonesia\DSta-DSMF\Green Bond Classification\data\pdf_by_content\01_prospektus_utama\20250514_CARE_Pemberitahuan atas Prospek_b98f43\20250514_CARE_Laporan Informasi dan Fakta Material_31885524_lamp2.pdf
DWGL,20250521_DWGL_Penyampaian Prospektus,20250521_DWGL_Penyampaian Prospektus_Informasi Tambahan_31887736_lamp2.pdf,False,NonGSS,obligasi_biasa,0.8800,,,False,,,,D:\1. Important\Work\Bank Indonesia\DSta-DSMF\Green Bond Classification\data\pdf_by_content\01_prospektus_utama\20250521_DWGL_Penyampaian Prospektus\20250521_DWGL_Penyampaian Prospektus_Informasi Tambahan_31887736_lamp2.pdf
BMTR,20250527_BMTR_Penyampaian Bukti Iklan Pr_f1536a,20250527_BMTR_Penyampaian Bukti Iklan_31889487_lamp1.pdf,False,NonGSS,obligasi_biasa,0.8800,,,False,,,,D:\1. Important\Work\Bank Indonesia\DSta-DSMF\Green Bond Classification\data\pdf_by_content\01_prospektus_utama\20250527_BMTR_Penyampaian Bukti Iklan Pr_f1536a\20250527_BMTR_Penyampaian Bukti Iklan_31889487_lamp1.pdf
BMTR,20250527_BMTR_Prospektus Ringkas Penawar_9b10ed,20250527_BMTR_Laporan Informasi dan Fakta Material_31889467_lamp1.pdf,False,NonGSS,obligasi_biasa,0.6300,,,False,,,,D:\1. Important\Work\Bank Indonesia\DSta-DSMF\Green Bond Classification\data\pdf_by_content\01_prospektus_utama\20250527_BMTR_Prospektus Ringkas Penawar_9b10ed\20250527_BMTR_Laporan Informasi dan Fakta Material_31889467_lamp1.pdf
HATM,20250527_HATM_Penyampaian Prospektus,20250527_HATM_Penyampaian Prospektus_Informasi Tambahan_31889645_lamp1.pdf,None,NonGSS,obligasi_biasa,0.8200,,,False,,,,D:\1. Important\Work\Bank Indonesia\DSta-DSMF\Green Bond Classification\data\pdf_by_content\01_prospektus_utama\20250527_HATM_Penyampaian Prospektus\20250527_HATM_Penyampaian Prospektus_Informasi Tambahan_31889645_lamp1.pdf
FASW,20250612_FASW_Penyampaian Prospektus,20250612_FASW_Penyampaian Prospektus_Informasi Tambahan_31894454_lamp1.pdf,None,NonGSS,obligasi_biasa,0.8000,,,False,,,,D:\1. Important\Work\Bank Indonesia\DSta-DSMF\Green Bond Classification\data\pdf_by_content\01_prospektus_utama\20250612_FASW_Penyampaian Prospektus\20250612_FASW_Penyampaian Prospektus_Informasi Tambahan_31894454_lamp1.pdf
HATM,20250612_HATM_Penyampaian Prospektus,20250612_HATM_Penyampaian Prospektus_Informasi Tambahan_31894412_lamp1.pdf,None,NonGSS,obligasi_biasa,0.8200,,,False,,,,D:\1. Important\Work\Bank Indonesia\DSta-DSMF\Green Bond Classification\data\pdf_by_content\01_prospektus_utama\20250612_HATM_Penyampaian Prospektus\20250612_HATM_Penyampaian Prospektus_Informasi Tambahan_31894412_lamp1.pdf
SGRO,20250616_SGRO_Penyampaian Bukti Iklan Pr_41d736,20250616_SGRO_Penyampaian Bukti Iklan_31895463_lamp1.pdf,False,NonGSS,obligasi_biasa,0.8800,,,False,,,,D:\1. Important\Work\Bank Indonesia\DSta-DSMF\Green Bond Classification\data\pdf_by_content\01_prospektus_utama\20250616_SGRO_Penyampaian Bukti Iklan Pr_41d736\20250616_SGRO_Penyampaian Bukti Iklan_31895463_lamp1.pdf
BUMI,20250619_BUMI_Penyampaian Bukti Iklan Pr_e2a14b,20250619_BUMI_Penyampaian Bukti Iklan_31896618_lamp1.pdf,False,NonGSS,obligasi_biasa,0.8800,,,False,,,,D:\1. Important\Work\Bank Indonesia\DSta-DSMF\Green Bond Classification\data\pdf_by_content\01_prospektus_utama\20250619_BUMI_Penyampaian Bukti Iklan Pr_e2a14b\20250619_BUMI_Penyampaian Bukti Iklan_31896618_lamp1.pdf
BUMI,20250619_BUMI_Publikasi Prospektus Ringk_14c893,20250619_BUMI_Laporan Informasi dan Fakta Material_31896678_lamp1.pdf,False,NonGSS,obligasi_biasa,0.8800,,,False,,,,D:\1. Important\Work\Bank Indonesia\DSta-DSMF\Green Bond Classification\data\pdf_by_content\01_prospektus_utama\20250619_BUMI_Publikasi Prospektus Ringk_14c893\20250619_BUMI_Laporan Informasi dan Fakta Material_31896678_lamp1.pdf
TBIG,20250620_TBIG_Penyampaian Bukti Iklan Pr_986c0e,20250620_TBIG_Penyampaian Bukti Iklan_31897038_lamp1.pdf,False,NonGSS,obligasi_biasa,0.8800,,,False,,,,D:\1. Important\Work\Bank Indonesia\DSta-DSMF\Green Bond Classification\data\pdf_by_content\01_prospektus_utama\20250620_TBIG_Penyampaian Bukti Iklan Pr_986c0e\20250620_TBIG_Penyampaian Bukti Iklan_31897038_lamp1.pdf
TBIG,20250620_TBIG_Prospektus Ringkas Penawar_cdd7d6,20250620_TBIG_Laporan Informasi dan Fakta Material_31897035_lamp1.pdf,False,NonGSS,obligasi_biasa,0.8800,,,False,,,,D:\1. Important\Work\Bank Indonesia\DSta-DSMF\Green Bond Classification\data\pdf_by_content\01_prospektus_utama\20250620_TBIG_Prospektus Ringkas Penawar_cdd7d6\20250620_TBIG_Laporan Informasi dan Fakta Material_31897035_lamp1.pdf
PYFA,20250623_PYFA_Prospektus Ringkas atas Pe_d9ca99,20250623_PYFA_Laporan Informasi dan Fakta Material_31907849_lamp1.pdf,False,NonGSS,obligasi_biasa,0.8800,,,False,,,,D:\1. Important\Work\Bank Indonesia\DSta-DSMF\Green Bond Classification\data\pdf_by_content\01_prospektus_utama\20250623_PYFA_Prospektus Ringkas atas Pe_d9ca99\20250623_PYFA_Laporan Informasi dan Fakta Material_31907849_lamp1.pdf
PYFA,20250623_PYFA_Prospektus Ringkas atas Pe_d9ca99,20250623_PYFA_Laporan Informasi dan Fakta Material_31907849_lamp2.pdf,False,NonGSS,obligasi_biasa,0.8800,,,False,,,,D:\1. Important\Work\Bank Indonesia\DSta-DSMF\Green Bond Classification\data\pdf_by_content\01_prospektus_utama\20250623_PYFA_Prospektus Ringkas atas Pe_d9ca99\20250623_PYFA_Laporan Informasi dan Fakta Material_31907849_lamp2.pdf
WIFI,20250624_WIFI_Penyampaian Prospektus,20250624_WIFI_Penyampaian Prospektus_Informasi Tambahan_31908127_lamp1.pdf,None,NonGSS,obligasi_biasa,0.6700,,,False,,,,D:\1. Important\Work\Bank Indonesia\DSta-DSMF\Green Bond Classification\data\pdf_by_content\01_prospektus_utama\20250624_WIFI_Penyampaian Prospektus\20250624_WIFI_Penyampaian Prospektus_Informasi Tambahan_31908127_lamp1.pdf
FILM,20250626_FILM_Penyampaian Prospektus,20250626_FILM_Penyampaian Prospektus_Informasi Tambahan_31909268_lamp2.pdf,None,NonGSS,obligasi_biasa,0.7500,,,False,,,,D:\1. Important\Work\Bank Indonesia\DSta-DSMF\Green Bond Classification\data\pdf_by_content\01_prospektus_utama\20250626_FILM_Penyampaian Prospektus\20250626_FILM_Penyampaian Prospektus_Informasi Tambahan_31909268_lamp2.pdf
TUFI,20250626_TUFI_Penyampaian Prospektus,20250626_TUFI_Penyampaian Prospektus_Informasi Tambahan_31908936_lamp4.pdf,False,NonGSS,obligasi_biasa,0.8400,,,False,,,,D:\1. Important\Work\Bank Indonesia\DSta-DSMF\Green Bond Classification\data\pdf_by_content\01_prospektus_utama\20250626_TUFI_Penyampaian Prospektus\20250626_TUFI_Penyampaian Prospektus_Informasi Tambahan_31908936_lamp4.pdf
FILM,20250630_FILM_Penyampaian Prospektus (KOREKSI),20250630_FILM_Penyampaian Prospektus_Informasi Tambahan_31910018_lamp2.pdf,None,NonGSS,obligasi_biasa,0.7500,,,False,,,,D:\1. Important\Work\Bank Indonesia\DSta-DSMF\Green Bond Classification\data\pdf_by_content\01_prospektus_utama\20250630_FILM_Penyampaian Prospektus (KOREKSI)\20250630_FILM_Penyampaian Prospektus_Informasi Tambahan_31910018_lamp2.pdf
CARE,20250701_CARE_Penyampaian Prospektus,20250701_CARE_Penyampaian Prospektus_Informasi Tambahan_31910353_lamp1.pdf,False,NonGSS,obligasi_biasa,0.8800,,,False,,,,D:\1. Important\Work\Bank Indonesia\DSta-DSMF\Green Bond Classification\data\pdf_by_content\01_prospektus_utama\20250701_CARE_Penyampaian Prospektus\20250701_CARE_Penyampaian Prospektus_Informasi Tambahan_31910353_lamp1.pdf
ADMF,20250702_ADMF_Penyampaian Bukti Iklan Pe_654ddf,20250702_ADMF_Penyampaian Bukti Iklan_31910677_lamp2.pdf,False,NonGSS,obligasi_biasa,0.8100,,,False,,,,D:\1. Important\Work\Bank Indonesia\DSta-DSMF\Green Bond Classification\data\pdf_by_content\01_prospektus_utama\20250702_ADMF_Penyampaian Bukti Iklan Pe_654ddf\20250702_ADMF_Penyampaian Bukti Iklan_31910677_lamp2.pdf
MINA,20250702_MINA_Penyampaian Prospektus,20250702_MINA_Penyampaian Prospektus_Informasi Tambahan_31910623_lamp1.pdf,None,NonGSS,obligasi_biasa,0.7900,,,False,,,,D:\1. Important\Work\Bank Indonesia\DSta-DSMF\Green Bond Classification\data\pdf_by_content\01_prospektus_utama\20250702_MINA_Penyampaian Prospektus\20250702_MINA_Penyampaian Prospektus_Informasi Tambahan_31910623_lamp1.pdf
TOWR,20250702_TOWR_Penyampaian Prospektus,20250702_TOWR_Penyampaian Prospektus_Informasi Tambahan_31910612_lamp1.pdf,None,NonGSS,obligasi_biasa,0.8800,,,False,,,,D:\1. Important\Work\Bank Indonesia\DSta-DSMF\Green Bond Classification\data\pdf_by_content\01_prospektus_utama\20250702_TOWR_Penyampaian Prospektus\20250702_TOWR_Penyampaian Prospektus_Informasi Tambahan_31910612_lamp1.pdf
CARE,20250703_CARE_Penyampaian Bukti Iklan Pe_f35962,20250703_CARE_Penyampaian Bukti Iklan_31911102_lamp2.pdf,False,NonGSS,obligasi_biasa,0.8800,,,False,,,,D:\1. Important\Work\Bank Indonesia\DSta-DSMF\Green Bond Classification\data\pdf_by_content\01_prospektus_utama\20250703_CARE_Penyampaian Bukti Iklan Pe_f35962\20250703_CARE_Penyampaian Bukti Iklan_31911102_lamp2.pdf
COCO,20250721_COCO_Prospektus Ringkas Dalam R_745ec0,20250721_COCO_Laporan Informasi dan Fakta Material_31916233_lamp1.pdf,False,NonGSS,obligasi_biasa,0.8800,,,False,,,,D:\1. Important\Work\Bank Indonesia\DSta-DSMF\Green Bond Classification\data\pdf_by_content\01_prospektus_utama\20250721_COCO_Prospektus Ringkas Dalam R_745ec0\20250721_COCO_Laporan Informasi dan Fakta Material_31916233_lamp1.pdf
IMJS,20250915_IMJS_Prospektus Ringkas Penawar_472b6f,20250915_IMJS_Laporan Informasi dan Fakta Material_31950151_lamp1.pdf,None,NonGSS,obligasi_biasa,0.4800,,,False,,,,D:\1. Important\Work\Bank Indonesia\DSta-DSMF\Green Bond Classification\data\pdf_by_content\01_prospektus_utama\20250915_IMJS_Prospektus Ringkas Penawar_472b6f\20250915_IMJS_Laporan Informasi dan Fakta Material_31950151_lamp1.pdf
BANK,20250923_BANK_Pemberitahuan atas Prospek_ab1325,20250923_BANK_Laporan Informasi dan Fakta Material_31951842_lamp1.pdf,False,NonGSS,obligasi_biasa,0.8800,,,False,,,,D:\1. Important\Work\Bank Indonesia\DSta-DSMF\Green Bond Classification\data\pdf_by_content\01_prospektus_utama\20250923_BANK_Pemberitahuan atas Prospek_ab1325\20250923_BANK_Laporan Informasi dan Fakta Material_31951842_lamp1.pdf
ADMF,20251006_ADMF_Penyampaian Prospektus,20251006_ADMF_Penyampaian Prospektus_Informasi Tambahan_31964926_lamp3.pdf,False,NonGSS,obligasi_biasa,0.8800,,,False,,,,D:\1. Important\Work\Bank Indonesia\DSta-DSMF\Green Bond Classification\data\pdf_by_content\01_prospektus_utama\20251006_ADMF_Penyampaian Prospektus\20251006_ADMF_Penyampaian Prospektus_Informasi Tambahan_31964926_lamp3.pdf
ASDF,20251009_ASDF_Penyampaian Prospektus,20251009_ASDF_Penyampaian Prospektus_Informasi Tambahan_31966368_lamp2.pdf,False,NonGSS,obligasi_biasa,0.8800,,,False,,,,D:\1. Important\Work\Bank Indonesia\DSta-DSMF\Green Bond Classification\data\pdf_by_content\01_prospektus_utama\20251009_ASDF_Penyampaian Prospektus\20251009_ASDF_Penyampaian Prospektus_Informasi Tambahan_31966368_lamp2.pdf
WISL,20251023_WISL_Penyampaian Prospektus (KOREKSI),20251023_WISL_Penyampaian Prospektus_Informasi Tambahan_31979368_lamp2.pdf,False,NonGSS,obligasi_biasa,0.8700,,,False,,berwawasan sosial,,D:\1. Important\Work\Bank Indonesia\DSta-DSMF\Green Bond Classification\data\pdf_by_content\01_prospektus_utama\20251023_WISL_Penyampaian Prospektus (KOREKSI)\20251023_WISL_Penyampaian Prospektus_Informasi Tambahan_31979368_lamp2.pdf
BUVA,20251028_BUVA_Penyampaian Prospektus,20251028_BUVA_Penyampaian Prospektus_Informasi Tambahan_31980004_lamp1.pdf,None,NonGSS,obligasi_biasa,0.8500,,,False,,,,D:\1. Important\Work\Bank Indonesia\DSta-DSMF\Green Bond Classification\data\pdf_by_content\01_prospektus_utama\20251028_BUVA_Penyampaian Prospektus\20251028_BUVA_Penyampaian Prospektus_Informasi Tambahan_31980004_lamp1.pdf
LPPI,20251110_LPPI_Penyampaian Bukti Iklan Pr_ccefbc,20251110_LPPI_Penyampaian Bukti Iklan_31983902_lamp2.pdf,False,NonGSS,obligasi_biasa,0.8800,,,False,,,,D:\1. Important\Work\Bank Indonesia\DSta-DSMF\Green Bond Classification\data\pdf_by_content\01_prospektus_utama\20251110_LPPI_Penyampaian Bukti Iklan Pr_ccefbc\20251110_LPPI_Penyampaian Bukti Iklan_31983902_lamp2.pdf
IMJS,20251202_IMJS_Penyampaian Prospektus,20251202_IMJS_Penyampaian Prospektus_Informasi Tambahan_31999027_lamp1.pdf,None,NonGSS,obligasi_biasa,0.7300,,,False,,,,D:\1. Important\Work\Bank Indonesia\DSta-DSMF\Green Bond Classification\data\pdf_by_content\01_prospektus_utama\20251202_IMJS_Penyampaian Prospektus\20251202_IMJS_Penyampaian Prospektus_Informasi Tambahan_31999027_lamp1.pdf
BWPT,20251205_BWPT_Penyampaian Prospektus,20251205_BWPT_Penyampaian Prospektus_Informasi Tambahan_32000701_lamp1.pdf,False,NonGSS,obligasi_biasa,0.8800,,,False,,,,D:\1. Important\Work\Bank Indonesia\DSta-DSMF\Green Bond Classification\data\pdf_by_content\01_prospektus_utama\20251205_BWPT_Penyampaian Prospektus\20251205_BWPT_Penyampaian Prospektus_Informasi Tambahan_32000701_lamp1.pdf
BWPT,20251205_BWPT_Penyampaian Prospektus,20251205_BWPT_Penyampaian Prospektus_Informasi Tambahan_32000701_lamp3.pdf,False,NonGSS,obligasi_biasa,0.8800,,,False,,,,D:\1. Important\Work\Bank Indonesia\DSta-DSMF\Green Bond Classification\data\pdf_by_content\01_prospektus_utama\20251205_BWPT_Penyampaian Prospektus\20251205_BWPT_Penyampaian Prospektus_Informasi Tambahan_32000701_lamp3.pdf
BWPT,20251209_BWPT_Penyampaian Prospektus,20251209_BWPT_Penyampaian Prospektus_Informasi Tambahan_32011967_lamp1.pdf,False,NonGSS,obligasi_biasa,0.8800,,,False,,,,D:\1. Important\Work\Bank Indonesia\DSta-DSMF\Green Bond Classification\data\pdf_by_content\01_prospektus_utama\20251209_BWPT_Penyampaian Prospektus\20251209_BWPT_Penyampaian Prospektus_Informasi Tambahan_32011967_lamp1.pdf
BWPT,20251209_BWPT_Penyampaian Prospektus,20251209_BWPT_Penyampaian Prospektus_Informasi Tambahan_32011969_lamp1.pdf,False,NonGSS,obligasi_biasa,0.8800,,,False,,,,D:\1. Important\Work\Bank Indonesia\DSta-DSMF\Green Bond Classification\data\pdf_by_content\01_prospektus_utama\20251209_BWPT_Penyampaian Prospektus\20251209_BWPT_Penyampaian Prospektus_Informasi Tambahan_32011969_lamp1.pdf
PANI,20251211_PANI_Penyampaian Prospektus,20251210_PANI_Penyampaian Prospektus_Informasi Tambahan_32012196_lamp1.pdf,None,NonGSS,obligasi_biasa,0.8800,,,False,,,,D:\1. Important\Work\Bank Indonesia\DSta-DSMF\Green Bond Classification\data\pdf_by_content\01_prospektus_utama\20251211_PANI_Penyampaian Prospektus\20251210_PANI_Penyampaian Prospektus_Informasi Tambahan_32012196_lamp1.pdf
CSIS,20251212_CSIS_Publikasi Prospektus dan P_b26474,20251212_CSIS_Laporan Informasi dan Fakta Material_32012858_lamp2.pdf,None,NonGSS,obligasi_biasa,0.8500,,,False,,,,D:\1. Important\Work\Bank Indonesia\DSta-DSMF\Green Bond Classification\data\pdf_by_content\01_prospektus_utama\20251212_CSIS_Publikasi Prospektus dan P_b26474\20251212_CSIS_Laporan Informasi dan Fakta Material_32012858_lamp2.pdf
CSIS,20251215_CSIS_Publikasi Prospektus dan P_4db1d5,20251215_CSIS_Laporan Informasi dan Fakta Material_32013215_lamp3.pdf,None,NonGSS,obligasi_biasa,0.8500,,,False,,,,D:\1. Important\Work\Bank Indonesia\DSta-DSMF\Green Bond Classification\data\pdf_by_content\01_prospektus_utama\20251215_CSIS_Publikasi Prospektus dan P_4db1d5\20251215_CSIS_Laporan Informasi dan Fakta Material_32013215_lamp3.pdf
CSIS,20251216_CSIS_Publikasi Prospektus dan P_b09d78,20251216_CSIS_Laporan Informasi dan Fakta Material_32013362_lamp3.pdf,None,NonGSS,obligasi_biasa,0.8500,,,False,,,,D:\1. Important\Work\Bank Indonesia\DSta-DSMF\Green Bond Classification\data\pdf_by_content\01_prospektus_utama\20251216_CSIS_Publikasi Prospektus dan P_b09d78\20251216_CSIS_Laporan Informasi dan Fakta Material_32013362_lamp3.pdf
TPIA,20251218_TPIA_Penyampaian Prospektus,20251218_TPIA_Penyampaian Prospektus_Informasi Tambahan_32013974_lamp1.pdf,False,NonGSS,obligasi_biasa,0.8800,,,False,,,,D:\1. Important\Work\Bank Indonesia\DSta-DSMF\Green Bond Classification\data\pdf_by_content\01_prospektus_utama\20251218_TPIA_Penyampaian Prospektus\20251218_TPIA_Penyampaian Prospektus_Informasi Tambahan_32013974_lamp1.pdf
BWPT,20251224_BWPT_Penyampaian Prospektus,20251224_BWPT_Penyampaian Prospektus_Informasi Tambahan_32015337_lamp2.pdf,False,NonGSS,obligasi_biasa,0.8800,,,False,,,,D:\1. Important\Work\Bank Indonesia\DSta-DSMF\Green Bond Classification\data\pdf_by_content\01_prospektus_utama\20251224_BWPT_Penyampaian Prospektus\20251224_BWPT_Penyampaian Prospektus_Informasi Tambahan_32015337_lamp2.pdf
BWPT,20251224_BWPT_Penyampaian Prospektus,20251224_BWPT_Penyampaian Prospektus_Informasi Tambahan_32015338_lamp2.pdf,False,NonGSS,obligasi_biasa,0.8800,,,False,,,,D:\1. Important\Work\Bank Indonesia\DSta-DSMF\Green Bond Classification\data\pdf_by_content\01_prospektus_utama\20251224_BWPT_Penyampaian Prospektus\20251224_BWPT_Penyampaian Prospektus_Informasi Tambahan_32015338_lamp2.pdf
INET,20251229_INET_Penyampaian Prospektus (KOREKSI),20251229_INET_Penyampaian Prospektus_Informasi Tambahan_32015801_lamp3.pdf,False,NonGSS,obligasi_biasa,0.8800,,,False,,,,D:\1. Important\Work\Bank Indonesia\DSta-DSMF\Green Bond Classification\data\pdf_by_content\01_prospektus_utama\20251229_INET_Penyampaian Prospektus (KOREKSI)\20251229_INET_Penyampaian Prospektus_Informasi Tambahan_32015801_lamp3.pdf
SMAR,20260120_SMAR_Penyampaian Prospektus,20260120_SMAR_Penyampaian Prospektus_Informasi Tambahan_32021192_lamp2.pdf,False,NonGSS,obligasi_biasa,0.8800,,,False,,,,D:\1. Important\Work\Bank Indonesia\DSta-DSMF\Green Bond Classification\data\pdf_by_content\01_prospektus_utama\20260120_SMAR_Penyampaian Prospektus\20260120_SMAR_Penyampaian Prospektus_Informasi Tambahan_32021192_lamp2.pdf
INET,20260122_INET_Penyampaian Prospektus,20260122_INET_Penyampaian Prospektus_Informasi Tambahan_32021659_lamp1.pdf,False,NonGSS,obligasi_biasa,0.6000,,,False,,,,D:\1. Important\Work\Bank Indonesia\DSta-DSMF\Green Bond Classification\data\pdf_by_content\01_prospektus_utama\20260122_INET_Penyampaian Prospektus\20260122_INET_Penyampaian Prospektus_Informasi Tambahan_32021659_lamp1.pdf
ADMF,20260209_ADMF_Penyampaian Prospektus,20260209_ADMF_Penyampaian Prospektus_Informasi Tambahan_32026335_lamp2.pdf,False,NonGSS,obligasi_biasa,0.8800,,,False,,,,D:\1. Important\Work\Bank Indonesia\DSta-DSMF\Green Bond Classification\data\pdf_by_content\01_prospektus_utama\20260209_ADMF_Penyampaian Prospektus\20260209_ADMF_Penyampaian Prospektus_Informasi Tambahan_32026335_lamp2.pdf
ADMF,20260209_ADMF_Penyampaian Prospektus,20260209_ADMF_Penyampaian Prospektus_Informasi Tambahan_32026335_lamp3.pdf,False,NonGSS,obligasi_biasa,0.8800,,,False,,,,D:\1. Important\Work\Bank Indonesia\DSta-DSMF\Green Bond Classification\data\pdf_by_content\01_prospektus_utama\20260209_ADMF_Penyampaian Prospektus\20260209_ADMF_Penyampaian Prospektus_Informasi Tambahan_32026335_lamp3.pdf
PALM,20260211_PALM_Penyampaian Prospektus,20260211_PALM_Penyampaian Prospektus_Informasi Tambahan_32026975_lamp1.pdf,False,NonGSS,obligasi_biasa,0.8800,,,False,,,,D:\1. Important\Work\Bank Indonesia\DSta-DSMF\Green Bond Classification\data\pdf_by_content\01_prospektus_utama\20260211_PALM_Penyampaian Prospektus\20260211_PALM_Penyampaian Prospektus_Informasi Tambahan_32026975_lamp1.pdf
BABY,20260213_BABY_Penyampaian Prospektus,20260213_BABY_Penyampaian Prospektus_Informasi Tambahan_32027582_lamp1.pdf,None,NonGSS,obligasi_biasa,0.7400,,,False,,,,D:\1. Important\Work\Bank Indonesia\DSta-DSMF\Green Bond Classification\data\pdf_by_content\01_prospektus_utama\20260213_BABY_Penyampaian Prospektus\20260213_BABY_Penyampaian Prospektus_Informasi Tambahan_32027582_lamp1.pdf
ADMF,20260223_ADMF_Penyampaian Prospektus,20260223_ADMF_Penyampaian Prospektus_Informasi Tambahan_32028738_lamp1.pdf,False,NonGSS,obligasi_biasa,0.8800,,,False,,,,D:\1. Important\Work\Bank Indonesia\DSta-DSMF\Green Bond Classification\data\pdf_by_content\01_prospektus_utama\20260223_ADMF_Penyampaian Prospektus\20260223_ADMF_Penyampaian Prospektus_Informasi Tambahan_32028738_lamp1.pdf
WISL,20260223_WISL_Penyampaian Prospektus,20260223_WISL_Penyampaian Prospektus_Informasi Tambahan_32028797_lamp2.pdf,False,NonGSS,obligasi_biasa,0.8800,,,False,,,,D:\1. Important\Work\Bank Indonesia\DSta-DSMF\Green Bond Classification\data\pdf_by_content\01_prospektus_utama\20260223_WISL_Penyampaian Prospektus\20260223_WISL_Penyampaian Prospektus_Informasi Tambahan_32028797_lamp2.pdf
MEDC,20230616_MEDC_Laporan Informasi atau Fakta Material Prospektus Ringkas Pena,20230616_MEDC_Laporan Informasi dan Fakta Material_31331932_lamp1.pdf,False,NonGSS,obligasi_biasa,0.8800,,,False,,,,D:\1. Important\Work\Bank Indonesia\DSta-DSMF\Green Bond Classification\code\pdf_by_content\01_prospektus_utama\20230616_MEDC_Laporan Informasi atau Fakta Material Prospektus Ringkas Pena\20230616_MEDC_Laporan Informasi dan Fakta Material_31331932_lamp1.pdf
TBIG,20230616_TBIG_Laporan Informasi atau Fakta Material Informasi Tambahan dan_,20230616_TBIG_Laporan Informasi dan Fakta Material_31331810_lamp1.pdf,False,NonGSS,obligasi_biasa,0.8800,,,False,,,,D:\1. Important\Work\Bank Indonesia\DSta-DSMF\Green Bond Classification\code\pdf_by_content\01_prospektus_utama\20230616_TBIG_Laporan Informasi atau Fakta Material Informasi Tambahan dan_\20230616_TBIG_Laporan Informasi dan Fakta Material_31331810_lamp1.pdf
TBIG,20230616_TBIG_Penyampaian Bukti Iklan Prospektus Ringkas Obligasi Berkelanj,20230616_TBIG_Penyampaian Bukti Iklan_31331804_lamp2.pdf,False,NonGSS,obligasi_biasa,0.8800,,,False,,,,D:\1. Important\Work\Bank Indonesia\DSta-DSMF\Green Bond Classification\code\pdf_by_content\01_prospektus_utama\20230616_TBIG_Penyampaian Bukti Iklan Prospektus Ringkas Obligasi Berkelanj\20230616_TBIG_Penyampaian Bukti Iklan_31331804_lamp2.pdf
TBIG,20230616_TBIG_Penyampaian Bukti Iklan Prospektus Ringkas Obligasi Berkelanj,20230616_TBIG_Penyampaian Bukti Iklan_31331804_lamp3.pdf,False,NonGSS,obligasi_biasa,0.8000,,,False,,,,D:\1. Important\Work\Bank Indonesia\DSta-DSMF\Green Bond Classification\code\pdf_by_content\01_prospektus_utama\20230616_TBIG_Penyampaian Bukti Iklan Prospektus Ringkas Obligasi Berkelanj\20230616_TBIG_Penyampaian Bukti Iklan_31331804_lamp3.pdf
TBIG,20231116_TBIG_Penyampaian Prospektus,20231116_TBIG_Penyampaian Prospektus_Informasi Tambahan_31520100_lamp1.pdf,False,NonGSS,obligasi_biasa,0.8800,,,False,,,,D:\1. Important\Work\Bank Indonesia\DSta-DSMF\Green Bond Classification\code\pdf_by_content\01_prospektus_utama\20231116_TBIG_Penyampaian Prospektus\20231116_TBIG_Penyampaian Prospektus_Informasi Tambahan_31520100_lamp1.pdf
TBIG,20231116_TBIG_Penyampaian Prospektus,20231116_TBIG_Penyampaian Prospektus_Informasi Tambahan_31520100_lamp2.pdf,False,NonGSS,obligasi_biasa,0.8800,,,False,,,,D:\1. Important\Work\Bank Indonesia\DSta-DSMF\Green Bond Classification\code\pdf_by_content\01_prospektus_utama\20231116_TBIG_Penyampaian Prospektus\20231116_TBIG_Penyampaian Prospektus_Informasi Tambahan_31520100_lamp2.pdf
MEDC,20240118_MEDC_Penyampaian Prospektus,20240118_MEDC_Penyampaian Prospektus_Informasi Tambahan_31570147_lamp1.pdf,False,NonGSS,obligasi_biasa,0.8800,,,False,,,,D:\1. Important\Work\Bank Indonesia\DSta-DSMF\Green Bond Classification\code\pdf_by_content\01_prospektus_utama\20240118_MEDC_Penyampaian Prospektus\20240118_MEDC_Penyampaian Prospektus_Informasi Tambahan_31570147_lamp1.pdf
MEDC,20240118_MEDC_Penyampaian Prospektus,20240118_MEDC_Penyampaian Prospektus_Informasi Tambahan_31570147_lamp2.pdf,False,NonGSS,obligasi_biasa,0.8800,,,False,,,,D:\1. Important\Work\Bank Indonesia\DSta-DSMF\Green Bond Classification\code\pdf_by_content\01_prospektus_utama\20240118_MEDC_Penyampaian Prospektus\20240118_MEDC_Penyampaian Prospektus_Informasi Tambahan_31570147_lamp2.pdf
TBIG,20240119_TBIG_Penyampaian Prospektus,20240119_TBIG_Penyampaian Prospektus_Informasi Tambahan_31570355_lamp1.pdf,False,NonGSS,obligasi_biasa,0.8800,,,False,,,,D:\1. Important\Work\Bank Indonesia\DSta-DSMF\Green Bond Classification\code\pdf_by_content\01_prospektus_utama\20240119_TBIG_Penyampaian Prospektus\20240119_TBIG_Penyampaian Prospektus_Informasi Tambahan_31570355_lamp1.pdf
TBIG,20240119_TBIG_Penyampaian Prospektus,20240119_TBIG_Penyampaian Prospektus_Informasi Tambahan_31570355_lamp2.pdf,False,NonGSS,obligasi_biasa,0.8100,,,False,,,,D:\1. Important\Work\Bank Indonesia\DSta-DSMF\Green Bond Classification\code\pdf_by_content\01_prospektus_utama\20240119_TBIG_Penyampaian Prospektus\20240119_TBIG_Penyampaian Prospektus_Informasi Tambahan_31570355_lamp2.pdf
WIKA,20240123_WIKA_Penyampaian Bukti Iklan Keterbukaan Informasi atas Prospektus,20240123_WIKA_Penyampaian Bukti Iklan_31571069.pdf,False,NonGSS,obligasi_biasa,0.8800,,,False,,,,D:\1. Important\Work\Bank Indonesia\DSta-DSMF\Green Bond Classification\code\pdf_by_content\01_prospektus_utama\20240123_WIKA_Penyampaian Bukti Iklan Keterbukaan Informasi atas Prospektus\20240123_WIKA_Penyampaian Bukti Iklan_31571069.pdf
WIKA,20240123_WIKA_Penyampaian Bukti Iklan Keterbukaan Informasi atas Prospektus,20240123_WIKA_Penyampaian Bukti Iklan_31571069_lamp1.pdf,False,NonGSS,obligasi_biasa,0.8800,,,False,,,,D:\1. Important\Work\Bank Indonesia\DSta-DSMF\Green Bond Classification\code\pdf_by_content\01_prospektus_utama\20240123_WIKA_Penyampaian Bukti Iklan Keterbukaan Informasi atas Prospektus\20240123_WIKA_Penyampaian Bukti Iklan_31571069_lamp1.pdf
WIKA,20240123_WIKA_Prospektus Ringkas Penawaran Umum Terbatas PT Wijaya Karya (P,20240123_WIKA_Laporan Informasi dan Fakta Material_31571064.pdf,False,NonGSS,obligasi_biasa,0.8800,,,False,,,,D:\1. Important\Work\Bank Indonesia\DSta-DSMF\Green Bond Classification\code\pdf_by_content\01_prospektus_utama\20240123_WIKA_Prospektus Ringkas Penawaran Umum Terbatas PT Wijaya Karya (P\20240123_WIKA_Laporan Informasi dan Fakta Material_31571064.pdf
WIKA,20240123_WIKA_Prospektus Ringkas Penawaran Umum Terbatas PT Wijaya Karya (P,20240123_WIKA_Laporan Informasi dan Fakta Material_31571064_lamp1.pdf,False,NonGSS,obligasi_biasa,0.8800,,,False,,,,D:\1. Important\Work\Bank Indonesia\DSta-DSMF\Green Bond Classification\code\pdf_by_content\01_prospektus_utama\20240123_WIKA_Prospektus Ringkas Penawaran Umum Terbatas PT Wijaya Karya (P\20240123_WIKA_Laporan Informasi dan Fakta Material_31571064_lamp1.pdf
WIKA,20240123_WIKA_Prospektus Ringkas Penawaran Umum Terbatas PT Wijaya Karya (P,20240123_WIKA_Laporan Informasi dan Fakta Material_31571064_lamp2.pdf,False,NonGSS,obligasi_biasa,0.8300,,,False,,,,D:\1. Important\Work\Bank Indonesia\DSta-DSMF\Green Bond Classification\code\pdf_by_content\01_prospektus_utama\20240123_WIKA_Prospektus Ringkas Penawaran Umum Terbatas PT Wijaya Karya (P\20240123_WIKA_Laporan Informasi dan Fakta Material_31571064_lamp2.pdf
WIKA,20240401_WIKA_Penyampaian Prospektus,20240401_WIKA_Penyampaian Prospektus_Informasi Tambahan_31621677.pdf,False,NonGSS,obligasi_biasa,0.8800,,,False,,,,D:\1. Important\Work\Bank Indonesia\DSta-DSMF\Green Bond Classification\code\pdf_by_content\01_prospektus_utama\20240401_WIKA_Penyampaian Prospektus\20240401_WIKA_Penyampaian Prospektus_Informasi Tambahan_31621677.pdf
WIKA,20240401_WIKA_Penyampaian Prospektus,20240401_WIKA_Penyampaian Prospektus_Informasi Tambahan_31621677_lamp1.pdf,False,NonGSS,obligasi_biasa,0.8800,,,False,,,,D:\1. Important\Work\Bank Indonesia\DSta-DSMF\Green Bond Classification\code\pdf_by_content\01_prospektus_utama\20240401_WIKA_Penyampaian Prospektus\20240401_WIKA_Penyampaian Prospektus_Informasi Tambahan_31621677_lamp1.pdf
WIKA,20240401_WIKA_Penyampaian Prospektus,20240401_WIKA_Penyampaian Prospektus_Informasi Tambahan_31621677_lamp2.pdf,False,NonGSS,obligasi_biasa,0.8300,,,False,,,,D:\1. Important\Work\Bank Indonesia\DSta-DSMF\Green Bond Classification\code\pdf_by_content\01_prospektus_utama\20240401_WIKA_Penyampaian Prospektus\20240401_WIKA_Penyampaian Prospektus_Informasi Tambahan_31621677_lamp2.pdf
WIKA,20240401_WIKA_Penyampaian Prospektus (KOREKSI),20240401_WIKA_Penyampaian Prospektus_Informasi Tambahan_31622276.pdf,False,NonGSS,obligasi_biasa,0.8800,,,False,,,,D:\1. Important\Work\Bank Indonesia\DSta-DSMF\Green Bond Classification\code\pdf_by_content\01_prospektus_utama\20240401_WIKA_Penyampaian Prospektus (KOREKSI)\20240401_WIKA_Penyampaian Prospektus_Informasi Tambahan_31622276.pdf
WIKA,20240401_WIKA_Penyampaian Prospektus (KOREKSI),20240401_WIKA_Penyampaian Prospektus_Informasi Tambahan_31622276_lamp1.pdf,False,NonGSS,obligasi_biasa,0.8800,,,False,,,,D:\1. Important\Work\Bank Indonesia\DSta-DSMF\Green Bond Classification\code\pdf_by_content\01_prospektus_utama\20240401_WIKA_Penyampaian Prospektus (KOREKSI)\20240401_WIKA_Penyampaian Prospektus_Informasi Tambahan_31622276_lamp1.pdf
WIKA,20240401_WIKA_Penyampaian Prospektus (KOREKSI),20240401_WIKA_Penyampaian Prospektus_Informasi Tambahan_31622276_lamp2.pdf,False,NonGSS,obligasi_biasa,0.8300,,,False,,,,D:\1. Important\Work\Bank Indonesia\DSta-DSMF\Green Bond Classification\code\pdf_by_content\01_prospektus_utama\20240401_WIKA_Penyampaian Prospektus (KOREKSI)\20240401_WIKA_Penyampaian Prospektus_Informasi Tambahan_31622276_lamp2.pdf
WIKA,20240402_WIKA_Penyampaian Prospektus (KOREKSI),20240402_WIKA_Penyampaian Prospektus_Informasi Tambahan_31622793.pdf,False,NonGSS,obligasi_biasa,0.8800,,,False,,,,D:\1. Important\Work\Bank Indonesia\DSta-DSMF\Green Bond Classification\code\pdf_by_content\01_prospektus_utama\20240402_WIKA_Penyampaian Prospektus (KOREKSI)\20240402_WIKA_Penyampaian Prospektus_Informasi Tambahan_31622793.pdf
WIKA,20240402_WIKA_Penyampaian Prospektus (KOREKSI),20240402_WIKA_Penyampaian Prospektus_Informasi Tambahan_31622793_lamp1.pdf,False,NonGSS,obligasi_biasa,0.8800,,,False,,,,D:\1. Important\Work\Bank Indonesia\DSta-DSMF\Green Bond Classification\code\pdf_by_content\01_prospektus_utama\20240402_WIKA_Penyampaian Prospektus (KOREKSI)\20240402_WIKA_Penyampaian Prospektus_Informasi Tambahan_31622793_lamp1.pdf
WIKA,20240402_WIKA_Penyampaian Prospektus (KOREKSI),20240402_WIKA_Penyampaian Prospektus_Informasi Tambahan_31622793_lamp2.pdf,False,NonGSS,obligasi_biasa,0.8300,,,False,,,,D:\1. Important\Work\Bank Indonesia\DSta-DSMF\Green Bond Classification\code\pdf_by_content\01_prospektus_utama\20240402_WIKA_Penyampaian Prospektus (KOREKSI)\20240402_WIKA_Penyampaian Prospektus_Informasi Tambahan_31622793_lamp2.pdf
PTPP,20240607_PTPP_Penyampaian Prospektus,20240607_PTPP_Penyampaian Prospektus_Informasi Tambahan_31648261.pdf,False,NonGSS,obligasi_biasa,0.8800,,,False,,,,D:\1. Important\Work\Bank Indonesia\DSta-DSMF\Green Bond Classification\code\pdf_by_content\01_prospektus_utama\20240607_PTPP_Penyampaian Prospektus\20240607_PTPP_Penyampaian Prospektus_Informasi Tambahan_31648261.pdf
PTPP,20240607_PTPP_Penyampaian Prospektus,20240607_PTPP_Penyampaian Prospektus_Informasi Tambahan_31648261_lamp1.pdf,False,NonGSS,obligasi_biasa,0.8300,,,False,,,,D:\1. Important\Work\Bank Indonesia\DSta-DSMF\Green Bond Classification\code\pdf_by_content\01_prospektus_utama\20240607_PTPP_Penyampaian Prospektus\20240607_PTPP_Penyampaian Prospektus_Informasi Tambahan_31648261_lamp1.pdf
MTEL,20240619_MTEL_Penyampaian Bukti Iklan Prospektus Ringkas Penawaran Umum Ber,20240619_MTEL_Penyampaian Bukti Iklan_31662463_lamp2.pdf,None,NonGSS,obligasi_biasa,0.8800,,,False,,,,D:\1. Important\Work\Bank Indonesia\DSta-DSMF\Green Bond Classification\code\pdf_by_content\01_prospektus_utama\20240619_MTEL_Penyampaian Bukti Iklan Prospektus Ringkas Penawaran Umum Ber\20240619_MTEL_Penyampaian Bukti Iklan_31662463_lamp2.pdf
MTEL,20240619_MTEL_Prospektus Ringkas Penawaran Umum Berkelanjutan Obligasi Berk,20240619_MTEL_Laporan Informasi dan Fakta Material_31662458_lamp1.pdf,None,NonGSS,obligasi_biasa,0.8000,,,False,,,,D:\1. Important\Work\Bank Indonesia\DSta-DSMF\Green Bond Classification\code\pdf_by_content\01_prospektus_utama\20240619_MTEL_Prospektus Ringkas Penawaran Umum Berkelanjutan Obligasi Berk\20240619_MTEL_Laporan Informasi dan Fakta Material_31662458_lamp1.pdf
MTEL,20240619_MTEL_Prospektus Ringkas Penawaran Umum Berkelanjutan Obligasi Berk,20240619_MTEL_Laporan Informasi dan Fakta Material_31662458_lamp2.pdf,None,NonGSS,obligasi_biasa,0.8800,,,False,,,,D:\1. Important\Work\Bank Indonesia\DSta-DSMF\Green Bond Classification\code\pdf_by_content\01_prospektus_utama\20240619_MTEL_Prospektus Ringkas Penawaran Umum Berkelanjutan Obligasi Berk\20240619_MTEL_Laporan Informasi dan Fakta Material_31662458_lamp2.pdf
ADHI,20240621_ADHI_Penyampaian Prospektus,20240621_ADHI_Penyampaian Prospektus_Informasi Tambahan_31663323.pdf,False,NonGSS,obligasi_biasa,0.8800,,,False,,,,D:\1. Important\Work\Bank Indonesia\DSta-DSMF\Green Bond Classification\code\pdf_by_content\01_prospektus_utama\20240621_ADHI_Penyampaian Prospektus\20240621_ADHI_Penyampaian Prospektus_Informasi Tambahan_31663323.pdf
ADHI,20240621_ADHI_Penyampaian Prospektus,20240621_ADHI_Penyampaian Prospektus_Informasi Tambahan_31663323_lamp1.pdf,False,NonGSS,obligasi_biasa,0.8800,,,False,,,,D:\1. Important\Work\Bank Indonesia\DSta-DSMF\Green Bond Classification\code\pdf_by_content\01_prospektus_utama\20240621_ADHI_Penyampaian Prospektus\20240621_ADHI_Penyampaian Prospektus_Informasi Tambahan_31663323_lamp1.pdf
ADHI,20240622_ADHI_Penyampaian Bukti Iklan Prospektus Ringkas Penawaran Umum Ber,20240622_ADHI_Penyampaian Bukti Iklan_31663900.pdf,False,NonGSS,obligasi_biasa,0.8800,,,False,,,,D:\1. Important\Work\Bank Indonesia\DSta-DSMF\Green Bond Classification\code\pdf_by_content\01_prospektus_utama\20240622_ADHI_Penyampaian Bukti Iklan Prospektus Ringkas Penawaran Umum Ber\20240622_ADHI_Penyampaian Bukti Iklan_31663900.pdf
ADHI,20240622_ADHI_Penyampaian Bukti Iklan Prospektus Ringkas Penawaran Umum Ber,20240622_ADHI_Penyampaian Bukti Iklan_31663900_lamp1.pdf,False,NonGSS,obligasi_biasa,0.8800,,,False,,,,D:\1. Important\Work\Bank Indonesia\DSta-DSMF\Green Bond Classification\code\pdf_by_content\01_prospektus_utama\20240622_ADHI_Penyampaian Bukti Iklan Prospektus Ringkas Penawaran Umum Ber\20240622_ADHI_Penyampaian Bukti Iklan_31663900_lamp1.pdf
PTPP,20240625_PTPP_Penyampaian Prospektus,20240625_PTPP_Penyampaian Prospektus_Informasi Tambahan_31674541.pdf,False,NonGSS,obligasi_biasa,0.8800,,,False,,,,D:\1. Important\Work\Bank Indonesia\DSta-DSMF\Green Bond Classification\code\pdf_by_content\01_prospektus_utama\20240625_PTPP_Penyampaian Prospektus\20240625_PTPP_Penyampaian Prospektus_Informasi Tambahan_31674541.pdf
PTPP,20240625_PTPP_Penyampaian Prospektus,20240625_PTPP_Penyampaian Prospektus_Informasi Tambahan_31674541_lamp1.pdf,False,NonGSS,obligasi_biasa,0.7000,,,False,,,,D:\1. Important\Work\Bank Indonesia\DSta-DSMF\Green Bond Classification\code\pdf_by_content\01_prospektus_utama\20240625_PTPP_Penyampaian Prospektus\20240625_PTPP_Penyampaian Prospektus_Informasi Tambahan_31674541_lamp1.pdf
ADHI,20240701_ADHI_Penyampaian Prospektus,20240701_ADHI_Penyampaian Prospektus_Informasi Tambahan_31677785.pdf,False,NonGSS,obligasi_biasa,0.8800,,,False,,,,D:\1. Important\Work\Bank Indonesia\DSta-DSMF\Green Bond Classification\code\pdf_by_content\01_prospektus_utama\20240701_ADHI_Penyampaian Prospektus\20240701_ADHI_Penyampaian Prospektus_Informasi Tambahan_31677785.pdf
ADHI,20240701_ADHI_Penyampaian Prospektus,20240701_ADHI_Penyampaian Prospektus_Informasi Tambahan_31677785_lamp1.pdf,False,NonGSS,obligasi_biasa,0.8800,,,False,,,,D:\1. Important\Work\Bank Indonesia\DSta-DSMF\Green Bond Classification\code\pdf_by_content\01_prospektus_utama\20240701_ADHI_Penyampaian Prospektus\20240701_ADHI_Penyampaian Prospektus_Informasi Tambahan_31677785_lamp1.pdf
TBIG,20241112_TBIG_Penyampaian Prospektus,20241112_TBIG_Penyampaian Prospektus_Informasi Tambahan_31767269_lamp1.pdf,False,NonGSS,obligasi_biasa,0.8000,,,False,,,,D:\1. Important\Work\Bank Indonesia\DSta-DSMF\Green Bond Classification\code\pdf_by_content\01_prospektus_utama\20241112_TBIG_Penyampaian Prospektus\20241112_TBIG_Penyampaian Prospektus_Informasi Tambahan_31767269_lamp1.pdf
TBIG,20241112_TBIG_Penyampaian Prospektus,20241112_TBIG_Penyampaian Prospektus_Informasi Tambahan_31767269_lamp2.pdf,False,NonGSS,obligasi_biasa,0.8800,,,False,,,,D:\1. Important\Work\Bank Indonesia\DSta-DSMF\Green Bond Classification\code\pdf_by_content\01_prospektus_utama\20241112_TBIG_Penyampaian Prospektus\20241112_TBIG_Penyampaian Prospektus_Informasi Tambahan_31767269_lamp2.pdf
MEDC,20241204_MEDC_Penyampaian Prospektus,20241204_MEDC_Penyampaian Prospektus_Informasi Tambahan_31805187_lamp1.pdf,False,NonGSS,obligasi_biasa,0.8800,,,False,,,,D:\1. Important\Work\Bank Indonesia\DSta-DSMF\Green Bond Classification\code\pdf_by_content\01_prospektus_utama\20241204_MEDC_Penyampaian Prospektus\20241204_MEDC_Penyampaian Prospektus_Informasi Tambahan_31805187_lamp1.pdf
TBIG,20250122_TBIG_Penyampaian Prospektus,20250122_TBIG_Penyampaian Prospektus_Informasi Tambahan_31847461_lamp1.pdf,False,NonGSS,obligasi_biasa,0.8800,,,False,,,,D:\1. Important\Work\Bank Indonesia\DSta-DSMF\Green Bond Classification\code\pdf_by_content\01_prospektus_utama\20250122_TBIG_Penyampaian Prospektus\20250122_TBIG_Penyampaian Prospektus_Informasi Tambahan_31847461_lamp1.pdf
TBIG,20250122_TBIG_Penyampaian Prospektus,20250122_TBIG_Penyampaian Prospektus_Informasi Tambahan_31847461_lamp2.pdf,False,NonGSS,obligasi_biasa,0.8800,,,False,,,,D:\1. Important\Work\Bank Indonesia\DSta-DSMF\Green Bond Classification\code\pdf_by_content\01_prospektus_utama\20250122_TBIG_Penyampaian Prospektus\20250122_TBIG_Penyampaian Prospektus_Informasi Tambahan_31847461_lamp2.pdf
TBIG,20250305_TBIG_Penyampaian Prospektus,20250305_TBIG_Penyampaian Prospektus_Informasi Tambahan_31866371_lamp1.pdf,False,NonGSS,obligasi_biasa,0.8800,,,False,,,,D:\1. Important\Work\Bank Indonesia\DSta-DSMF\Green Bond Classification\code\pdf_by_content\01_prospektus_utama\20250305_TBIG_Penyampaian Prospektus\20250305_TBIG_Penyampaian Prospektus_Informasi Tambahan_31866371_lamp1.pdf
TBIG,20250305_TBIG_Penyampaian Prospektus,20250305_TBIG_Penyampaian Prospektus_Informasi Tambahan_31866371_lamp2.pdf,False,NonGSS,obligasi_biasa,0.7900,,,False,,,,D:\1. Important\Work\Bank Indonesia\DSta-DSMF\Green Bond Classification\code\pdf_by_content\01_prospektus_utama\20250305_TBIG_Penyampaian Prospektus\20250305_TBIG_Penyampaian Prospektus_Informasi Tambahan_31866371_lamp2.pdf
MEDC,20250422_MEDC_Penyampaian Prospektus,20250422_MEDC_Penyampaian Prospektus_Informasi Tambahan_31876946_lamp1.pdf,False,NonGSS,obligasi_biasa,0.8800,,,False,,,,D:\1. Important\Work\Bank Indonesia\DSta-DSMF\Green Bond Classification\code\pdf_by_content\01_prospektus_utama\20250422_MEDC_Penyampaian Prospektus\20250422_MEDC_Penyampaian Prospektus_Informasi Tambahan_31876946_lamp1.pdf
MEDC,20250422_MEDC_Penyampaian Prospektus,20250422_MEDC_Penyampaian Prospektus_Informasi Tambahan_31876946_lamp2.pdf,False,NonGSS,obligasi_biasa,0.8800,,,False,,,,D:\1. Important\Work\Bank Indonesia\DSta-DSMF\Green Bond Classification\code\pdf_by_content\01_prospektus_utama\20250422_MEDC_Penyampaian Prospektus\20250422_MEDC_Penyampaian Prospektus_Informasi Tambahan_31876946_lamp2.pdf
TBIG,20250620_TBIG_Penyampaian Bukti Iklan Prospektus Ringkas Penawaran Umum Ber,20250620_TBIG_Penyampaian Bukti Iklan_31897038_lamp2.pdf,False,NonGSS,obligasi_biasa,0.8800,,,False,,,,D:\1. Important\Work\Bank Indonesia\DSta-DSMF\Green Bond Classification\code\pdf_by_content\01_prospektus_utama\20250620_TBIG_Penyampaian Bukti Iklan Prospektus Ringkas Penawaran Umum Ber\20250620_TBIG_Penyampaian Bukti Iklan_31897038_lamp2.pdf
TBIG,20250620_TBIG_Prospektus Ringkas Penawaran Umum Berkelanjutan Obligasi Berk,20250620_TBIG_Laporan Informasi dan Fakta Material_31897035_lamp1.pdf,False,NonGSS,obligasi_biasa,0.7500,,,False,,,,D:\1. Important\Work\Bank Indonesia\DSta-DSMF\Green Bond Classification\code\pdf_by_content\01_prospektus_utama\20250620_TBIG_Prospektus Ringkas Penawaran Umum Berkelanjutan Obligasi Berk\20250620_TBIG_Laporan Informasi dan Fakta Material_31897035_lamp1.pdf
TBIG,20250620_TBIG_Prospektus Ringkas Penawaran Umum Berkelanjutan Obligasi Berk,20250620_TBIG_Laporan Informasi dan Fakta Material_31897035_lamp2.pdf,False,NonGSS,obligasi_biasa,0.8800,,,False,,,,D:\1. Important\Work\Bank Indonesia\DSta-DSMF\Green Bond Classification\code\pdf_by_content\01_prospektus_utama\20250620_TBIG_Prospektus Ringkas Penawaran Umum Berkelanjutan Obligasi Berk\20250620_TBIG_Laporan Informasi dan Fakta Material_31897035_lamp2.pdf
TBIG,20250630_TBIG_Informasi Tambahan Dan_Atau Perbaikan Atas Prospektus Ringkas,20250630_TBIG_Laporan Informasi dan Fakta Material_31909435_lamp1.pdf,False,NonGSS,obligasi_biasa,0.7400,,,False,,,,D:\1. Important\Work\Bank Indonesia\DSta-DSMF\Green Bond Classification\code\pdf_by_content\01_prospektus_utama\20250630_TBIG_Informasi Tambahan Dan_Atau Perbaikan Atas Prospektus Ringkas\20250630_TBIG_Laporan Informasi dan Fakta Material_31909435_lamp1.pdf
TBIG,20250630_TBIG_Penyampaian Bukti Iklan Informasi Tambahan Dan_Atau Perbaikan,20250630_TBIG_Penyampaian Bukti Iklan_31909446_lamp3.pdf,False,NonGSS,obligasi_biasa,0.8800,,,False,,,,D:\1. Important\Work\Bank Indonesia\DSta-DSMF\Green Bond Classification\code\pdf_by_content\01_prospektus_utama\20250630_TBIG_Penyampaian Bukti Iklan Informasi Tambahan Dan_Atau Perbaikan\20250630_TBIG_Penyampaian Bukti Iklan_31909446_lamp3.pdf
TOWR,20250702_TOWR_Penyampaian Prospektus,20250702_TOWR_Penyampaian Prospektus_Informasi Tambahan_31910612_lamp2.pdf,None,NonGSS,obligasi_biasa,0.8800,,,False,,,,D:\1. Important\Work\Bank Indonesia\DSta-DSMF\Green Bond Classification\code\pdf_by_content\01_prospektus_utama\20250702_TOWR_Penyampaian Prospektus\20250702_TOWR_Penyampaian Prospektus_Informasi Tambahan_31910612_lamp2.pdf
TOWR,20250702_TOWR_Penyampaian Prospektus,20250702_TOWR_Penyampaian Prospektus_Informasi Tambahan_31910612_lamp4.pdf,None,NonGSS,obligasi_biasa,0.8800,,,False,,,,D:\1. Important\Work\Bank Indonesia\DSta-DSMF\Green Bond Classification\code\pdf_by_content\01_prospektus_utama\20250702_TOWR_Penyampaian Prospektus\20250702_TOWR_Penyampaian Prospektus_Informasi Tambahan_31910612_lamp4.pdf
JSMR,20250820_JSMR_Penyampaian Prospektus,20250820_JSMR_Penyampaian Prospektus_Informasi Tambahan_31934082.pdf,False,NonGSS,obligasi_biasa,0.8800,,,False,,,,D:\1. Important\Work\Bank Indonesia\DSta-DSMF\Green Bond Classification\code\pdf_by_content\01_prospektus_utama\20250820_JSMR_Penyampaian Prospektus\20250820_JSMR_Penyampaian Prospektus_Informasi Tambahan_31934082.pdf
JSMR,20250820_JSMR_Penyampaian Prospektus,20250820_JSMR_Penyampaian Prospektus_Informasi Tambahan_31934082_lamp2.pdf,False,NonGSS,obligasi_biasa,0.8800,,,False,,,,D:\1. Important\Work\Bank Indonesia\DSta-DSMF\Green Bond Classification\code\pdf_by_content\01_prospektus_utama\20250820_JSMR_Penyampaian Prospektus\20250820_JSMR_Penyampaian Prospektus_Informasi Tambahan_31934082_lamp2.pdf
TBIG,20251106_TBIG_Penyampaian Prospektus,20251105_TBIG_Penyampaian Prospektus_Informasi Tambahan_31982793_lamp1.pdf,False,NonGSS,obligasi_biasa,0.8800,,,False,,,,D:\1. Important\Work\Bank Indonesia\DSta-DSMF\Green Bond Classification\code\pdf_by_content\01_prospektus_utama\20251106_TBIG_Penyampaian Prospektus\20251105_TBIG_Penyampaian Prospektus_Informasi Tambahan_31982793_lamp1.pdf
TBIG,20251106_TBIG_Penyampaian Prospektus,20251105_TBIG_Penyampaian Prospektus_Informasi Tambahan_31982793_lamp2.pdf,False,NonGSS,obligasi_biasa,0.8800,,,False,,,,D:\1. Important\Work\Bank Indonesia\DSta-DSMF\Green Bond Classification\code\pdf_by_content\01_prospektus_utama\20251106_TBIG_Penyampaian Prospektus\20251105_TBIG_Penyampaian Prospektus_Informasi Tambahan_31982793_lamp2.pdf
TBIG,20251119_TBIG_Penyampaian Prospektus,20251119_TBIG_Penyampaian Prospektus_Informasi Tambahan_31986440_lamp1.pdf,False,NonGSS,obligasi_biasa,0.8400,,,False,,,,D:\1. Important\Work\Bank Indonesia\DSta-DSMF\Green Bond Classification\code\pdf_by_content\01_prospektus_utama\20251119_TBIG_Penyampaian Prospektus\20251119_TBIG_Penyampaian Prospektus_Informasi Tambahan_31986440_lamp1.pdf
TBIG,20251119_TBIG_Penyampaian Prospektus,20251119_TBIG_Penyampaian Prospektus_Informasi Tambahan_31986440_lamp2.pdf,False,NonGSS,obligasi_biasa,0.8700,,,False,,,,D:\1. Important\Work\Bank Indonesia\DSta-DSMF\Green Bond Classification\code\pdf_by_content\01_prospektus_utama\20251119_TBIG_Penyampaian Prospektus\20251119_TBIG_Penyampaian Prospektus_Informasi Tambahan_31986440_lamp2.pdf
TBIG,20251128_TBIG_Penyampaian Prospektus,20251128_TBIG_Penyampaian Prospektus_Informasi Tambahan_31988275.pdf,False,NonGSS,obligasi_biasa,0.8800,,,False,,,,D:\1. Important\Work\Bank Indonesia\DSta-DSMF\Green Bond Classification\code\pdf_by_content\01_prospektus_utama\20251128_TBIG_Penyampaian Prospektus\20251128_TBIG_Penyampaian Prospektus_Informasi Tambahan_31988275.pdf
TBIG,20260127_TBIG_Penyampaian Prospektus,20260127_TBIG_Penyampaian Prospektus_Informasi Tambahan_32022440_lamp2.pdf,False,NonGSS,obligasi_biasa,0.8300,,,False,,,,D:\1. Important\Work\Bank Indonesia\DSta-DSMF\Green Bond Classification\code\pdf_by_content\01_prospektus_utama\20260127_TBIG_Penyampaian Prospektus\20260127_TBIG_Penyampaian Prospektus_Informasi Tambahan_32022440_lamp2.pdf
JSMR,20260129_JSMR_Penyampaian Prospektus,20260129_JSMR_Penyampaian Prospektus_Informasi Tambahan_32022961.pdf,False,NonGSS,obligasi_biasa,0.8800,,,False,,,,D:\1. Important\Work\Bank Indonesia\DSta-DSMF\Green Bond Classification\code\pdf_by_content\01_prospektus_utama\20260129_JSMR_Penyampaian Prospektus\20260129_JSMR_Penyampaian Prospektus_Informasi Tambahan_32022961.pdf
JSMR,20260129_JSMR_Penyampaian Prospektus,20260129_JSMR_Penyampaian Prospektus_Informasi Tambahan_32022961_lamp2.pdf,False,NonGSS,obligasi_biasa,0.8300,,,False,,,,D:\1. Important\Work\Bank Indonesia\DSta-DSMF\Green Bond Classification\code\pdf_by_content\01_prospektus_utama\20260129_JSMR_Penyampaian Prospektus\20260129_JSMR_Penyampaian Prospektus_Informasi Tambahan_32022961_lamp2.pdf
TBIG,20260210_TBIG_Penyampaian Prospektus,20260210_TBIG_Penyampaian Prospektus_Informasi Tambahan_32026520_lamp1.pdf,False,NonGSS,obligasi_biasa,0.8200,,,False,,,,D:\1. Important\Work\Bank Indonesia\DSta-DSMF\Green Bond Classification\code\pdf_by_content\01_prospektus_utama\20260210_TBIG_Penyampaian Prospektus\20260210_TBIG_Penyampaian Prospektus_Informasi Tambahan_32026520_lamp1.pdf
