Folder,Date,Emiten,Total Files,Prospektus,Prospektus Ringkas,Bukti Iklan,Informasi Tambahan,Fakta Material,Laporan,Term Sheet/Waran,Lainnya
20240103_LUCY_Penyampaian Prospektus,20240103,LUCY,1,1,0,0,0,0,0,0,0
20240109_MORA_Penyampaian Prospektus,20240109,MORA,4,4,0,0,0,0,0,0,0
20240111_PYFA_Prospektus Ringkas atas Penawaran Umum Terbatas Kepada Para,20240111,PYFA,1,0,0,0,0,1,0,0,0
20240112_BCAP_Penyampaian Bukti Iklan Informasi Tambahan dan_atau Perbaika,20240112,BCAP,1,0,0,1,0,0,0,0,0
20240112_MAYA_Penyampaian Prospektus,20240112,MAYA,1,1,0,0,0,0,0,0,0
20240112_MORA_Penyampaian Prospektus,20240112,MORA,2,2,0,0,0,0,0,0,0
20240115_DSSA_Penyampaian Prospektus,20240115,DSSA,2,2,0,0,0,0,0,0,0
20240115_PALM_Prospektus Ringkas terkait Penawaran Umum Terbatas kepada Pa,20240115,PALM,2,0,0,0,0,2,0,0,0
20240116_UNKNOWN_Penyampaian Perubahan Prospektus dan_atau Term Sheet Structu,20240116,UNKNOWN,1,1,0,0,0,0,0,0,0
20240116_UNKNOWN_Penyampaian Prospektus dan_atau Term Sheet Structured Warran,20240116,UNKNOWN,14,14,0,0,0,0,0,0,0
20240118_MEDC_Penyampaian Prospektus,20240118,MEDC,2,2,0,0,0,0,0,0,0
20240119_OTMA_Penyampaian Prospektus,20240119,OTMA,1,1,0,0,0,0,0,0,0
20240119_TBIG_Penyampaian Prospektus,20240119,TBIG,2,2,0,0,0,0,0,0,0
20240121_FIFA_Penyampaian Prospektus,20240121,FIFA,2,2,0,0,0,0,0,0,0
20240122_BFIN_Penyampaian Bukti Iklan Pemberitahuan atas Prospektus Ringka,20240122,BFIN,4,0,0,4,0,0,0,0,0
20240122_BFIN_Penyampaian Prospektus,20240122,BFIN,1,1,0,0,0,0,0,0,0
20240123_WIKA_Penyampaian Bukti Iklan Keterbukaan Informasi atas Prospektu,20240123,WIKA,1,0,0,1,0,0,0,0,0
20240123_WIKA_Prospektus Ringkas Penawaran Umum Terbatas PT Wijaya Karya (,20240123,WIKA,2,0,0,0,0,2,0,0,0
20240124_FREN_Penyampaian Bukti Iklan Prospektus Ringkas Penambahan Modal,20240124,FREN,2,0,0,2,0,0,0,0,0
20240124_FREN_Prospektus Ringkas Penambahan Modal Dengan Memberikan Hak Me,20240124,FREN,2,0,0,0,0,2,0,0,0
20240125_FREN_Penyampaian Bukti Iklan Prospektus Ringkas Penambahan Modal,20240125,FREN,1,0,0,1,0,0,0,0,0
20240125_FREN_Prospektus Ringkas Penambahan Modal Dengan Memberikan Hak Me,20240125,FREN,1,0,0,0,0,1,0,0,0
20240128_HRTA_Pemberitahuan atas Prospektus Ringkas dalam rangka Penawaran,20240128,HRTA,2,0,0,0,0,2,0,0,0
20240130_HRTA_Penyampaian Bukti Iklan Prospektus Ringkas dalam Rangka Pena,20240130,HRTA,2,0,0,2,0,0,0,0,0
20240221_BTPN_Informasi Tambahan Prospektus Ringkas PMHMETD II Perseroan,20240221,BTPN,2,0,0,0,0,2,0,0,0
20240221_BTPN_Penyampaian Prospektus,20240221,BTPN,2,2,0,0,0,0,0,0,0
20240223_SDRA_Informasi Tambahan Prospektus Ringkas PMHMETD IV Perseroan,20240223,SDRA,2,0,0,0,0,2,0,0,0
20240226_BBRI_Penyampaian Prospektus,20240226,BBRI,1,1,0,0,0,0,0,0,0
20240226_SDRA_Penyampaian Bukti Iklan Penyampaian Bukti Pengumuman Informa,20240226,SDRA,2,0,0,2,0,0,0,0,0
20240229_BTPN_Penyampaian Prospektus,20240229,BTPN,2,2,0,0,0,0,0,0,0
20240229_PNMP_Penyampaian Prospektus,20240229,PNMP,1,1,0,0,0,0,0,0,0
20240305_PALM_Informasi Tambahan dan_atau Perbaikan atas Prospektus Ringka,20240305,PALM,2,0,0,0,0,2,0,0,0
20240306_SDRA_Informasi Tambahan Prospektus Ringkas PMHMETD IV Perseroan,20240306,SDRA,2,0,0,0,0,2,0,0,0
20240306_SDRA_Penyampaian Bukti Iklan Penyampaian Bukti Iklan Penyampaian,20240306,SDRA,2,0,0,2,0,0,0,0,0
20240308_SMFP_Penyampaian Prospektus,20240308,SMFP,4,4,0,0,0,0,0,0,0
20240314_FIFA_Penyampaian Prospektus,20240314,FIFA,2,2,0,0,0,0,0,0,0
20240315_SDRA_Informasi Tambahan Prospektus Ringkas PMHMETD IV Perseroan,20240315,SDRA,2,0,0,0,0,2,0,0,0
20240318_SDRA_Penyampaian Bukti Iklan Penyampaian Bukti Pengumuman Informa,20240318,SDRA,2,0,0,2,0,0,0,0,0
20240318_SMMA_Penyampaian Bukti Iklan Bukti Iklan Prospektus Ringkas Penaw,20240318,SMMA,2,0,0,2,0,0,0,0,0
20240322_FITT_Penyampaian Prospektus,20240322,FITT,1,1,0,0,0,0,0,0,0
20240325_MPMF_Penyampaian Prospektus,20240325,MPMF,1,1,0,0,0,0,0,0,0
20240328_ASDF_Penyampaian Prospektus,20240328,ASDF,1,1,0,0,0,0,0,0,0
20240401_DSSA_Penyampaian Bukti Iklan Prospektus Ringkas Obligasi Berkelan,20240401,DSSA,2,0,0,2,0,0,0,0,0
20240401_DSSA_Penyampaian Prospektus,20240401,DSSA,2,2,0,0,0,0,0,0,0
20240401_SMMA_Penyampaian Bukti Iklan Informasi Tambahan Dan_Atau Perbaika,20240401,SMMA,2,0,0,2,0,0,0,0,0
20240401_SMMA_Penyampaian Prospektus,20240401,SMMA,2,2,0,0,0,0,0,0,0
20240401_WIKA_Penyampaian Prospektus,20240401,WIKA,2,2,0,0,0,0,0,0,0
20240401_WIKA_Penyampaian Prospektus (KOREKSI),20240401,WIKA,2,2,0,0,0,0,0,0,0
20240402_WIKA_Penyampaian Prospektus (KOREKSI),20240402,WIKA,2,2,0,0,0,0,0,0,0
20240404_PYFA_Informasi Tambahan atas Prospektus Ringkas mengenai Penambah,20240404,PYFA,1,0,0,0,0,1,0,0,0
20240404_PYFA_Penyampaian Prospektus,20240404,PYFA,1,1,0,0,0,0,0,0,0
20240405_ADMF_Penyampaian Prospektus,20240405,ADMF,3,3,0,0,0,0,0,0,0
20240416_SDRA_Penyampaian Bukti Iklan Bukti Pengumuman Prospektus PMHMETD,20240416,SDRA,2,0,0,2,0,0,0,0,0
20240416_SDRA_Penyampaian Prospektus,20240416,SDRA,2,2,0,0,0,0,0,0,0
20240416_SDRA_Prospektus PMHMETD IV,20240416,SDRA,3,0,0,0,0,3,0,0,0
20240419_ASDF_Penyampaian Prospektus,20240419,ASDF,1,1,0,0,0,0,0,0,0
20240419_BBYB_Perubahan dan_atau Tambahan Informasi atas Prospektus Ringka,20240419,BBYB,2,0,0,0,0,2,0,0,0
20240419_FREN_Penyampaian Prospektus,20240419,FREN,1,1,0,0,0,0,0,0,0
20240421_BBYB_Penyampaian Bukti Iklan Prospektus Ringkas PMHMETD VII,20240421,BBYB,1,0,0,1,0,0,0,0,0
20240422_FREN_Penyampaian Bukti Iklan Prospektus PMHMETD V,20240422,FREN,1,0,0,1,0,0,0,0,0
20240426_HRTA_Pemberitahuan atas Prospektus Ringkas dalam rangka Penawaran,20240426,HRTA,2,0,0,0,0,2,0,0,0
20240429_HRTA_Penyampaian Bukti Iklan Prospektus Ringkas dalam rangka Pena,20240429,HRTA,2,0,0,2,0,0,0,0,0
20240503_HRTA_Informasi Tambahan atas Prospektus Ringkas dalam rangka Pena,20240503,HRTA,2,0,0,0,0,2,0,0,0
20240506_HRTA_Penyampaian Bukti Iklan Informasi Tambahan atas Prospektus R,20240506,HRTA,2,0,0,2,0,0,0,0,0
20240506_TUFI_Penyampaian Prospektus,20240506,TUFI,1,1,0,0,0,0,0,0,0
20240509_DSSA_Penyampaian Prospektus,20240509,DSSA,2,2,0,0,0,0,0,0,0
20240513_SMRA_Penyampaian Prospektus,20240513,SMRA,2,2,0,0,0,0,0,0,0
20240528_SMRA_Penyampaian Prospektus,20240528,SMRA,1,1,0,0,0,0,0,0,0
20240529_BBIA_Penyampaian Bukti Iklan Prospektus Ringkas PUB Obligasi Berk,20240529,BBIA,4,0,0,4,0,0,0,0,0
20240529_DSSA_Penyampaian Prospektus,20240529,DSSA,2,2,0,0,0,0,0,0,0
20240530_SANF_Penyampaian Prospektus,20240530,SANF,1,1,0,0,0,0,0,0,0
20240530_WOMF_Penyampaian Bukti Iklan Pemberitahuan atas Prospektus Ringka,20240530,WOMF,1,0,0,1,0,0,0,0,0
20240530_WOMF_Penyampaian Prospektus,20240530,WOMF,2,2,0,0,0,0,0,0,0
20240603_IMFI_Penyampaian Prospektus,20240603,IMFI,2,2,0,0,0,0,0,0,0
20240606_BCAP_Penyampaian Prospektus,20240606,BCAP,1,1,0,0,0,0,0,0,0
20240607_PTPP_Penyampaian Prospektus,20240607,PTPP,1,1,0,0,0,0,0,0,0
20240610_INCO_Penyampaian Prospektus,20240610,INCO,2,2,0,0,0,0,0,0,0
20240610_INCO_Penyampaian Prospektus (KOREKSI),20240610,INCO,2,2,0,0,0,0,0,0,0
20240610_LTLS_Penyampaian Bukti Iklan Prospektus Ringkas pada Surat Kabar,20240610,LTLS,3,0,0,3,0,0,0,0,0
20240611_BJBR_Penyampaian Bukti Iklan Prospektus Penawaran Umum Berkelanju,20240611,BJBR,3,0,0,3,0,0,0,0,0
20240611_BTPN_Penyampaian Bukti Iklan Prospektus Ringkas pada Surat Kabar,20240611,BTPN,2,0,0,2,0,0,0,0,0
20240611_TPMA_Penyampaian Prospektus,20240611,TPMA,2,2,0,0,0,0,0,0,0
20240611_TRIM_Penyampaian Prospektus,20240611,TRIM,2,2,0,0,0,0,0,0,0
20240612_BVIC_Penyampaian Bukti Iklan Prospektus Ringkas Dalam Rangka Pena,20240612,BVIC,2,0,0,2,0,0,0,0,0
20240619_MTEL_Penyampaian Bukti Iklan Prospektus Ringkas Penawaran Umum Be,20240619,MTEL,2,0,0,2,0,0,0,0,0
20240619_MTEL_Prospektus Ringkas Penawaran Umum Berkelanjutan Obligasi Ber,20240619,MTEL,2,0,0,0,0,2,0,0,0
20240619_PRTL_Prospektus Ringkas Penawaran Umum Berkelanjutan Obligasi Ber,20240619,PRTL,2,0,0,0,0,2,0,0,0
20240619_PRTL_Surat Pengantar atas Bukti Pengumuman Prospektus Ringkas Pen,20240619,PRTL,1,0,0,0,0,1,0,0,0
20240619_TAFS_Penyampaian Prospektus,20240619,TAFS,1,1,0,0,0,0,0,0,0
20240620_BBIA_Penyampaian Bukti Iklan Informasi Tambahan dan_atau Perbaika,20240620,BBIA,4,0,0,4,0,0,0,0,0
20240621_ADHI_Penyampaian Prospektus,20240621,ADHI,1,1,0,0,0,0,0,0,0
20240621_BRPT_Penyampaian Prospektus,20240621,BRPT,1,1,0,0,0,0,0,0,0
20240622_ADHI_Penyampaian Bukti Iklan Prospektus Ringkas Penawaran Umum Be,20240622,ADHI,1,0,0,1,0,0,0,0,0
20240624_WOMF_Penyampaian Bukti Iklan Laporan Bukti Iklan Penyampaian Info,20240624,WOMF,3,0,0,3,0,0,0,0,0
20240624_WOMF_Penyampaian Prospektus,20240624,WOMF,2,2,0,0,0,0,0,0,0
20240625_BCAP_Penyampaian Prospektus,20240625,BCAP,1,1,0,0,0,0,0,0,0
20240625_PTPP_Penyampaian Prospektus,20240625,PTPP,1,1,0,0,0,0,0,0,0
20240625_WOMF_Penyampaian Prospektus,20240625,WOMF,2,2,0,0,0,0,0,0,0
20240626_BIIF_Penyampaian Bukti Iklan Penyampaian Informasi Tambahan dan_a,20240626,BIIF,3,0,0,3,0,0,0,0,0
20240626_TRIM_Penyampaian Prospektus,20240626,TRIM,1,1,0,0,0,0,0,0,0
20240628_BCAP_Penyampaian Prospektus,20240628,BCAP,1,1,0,0,0,0,0,0,0
20240628_CNAF_Penyampaian Prospektus,20240628,CNAF,3,3,0,0,0,0,0,0,0
20240628_HIFI_Penyampaian Prospektus,20240628,HIFI,2,2,0,0,0,0,0,0,0
20240701_ADHI_Penyampaian Prospektus,20240701,ADHI,1,1,0,0,0,0,0,0,0
20240701_AGRS_Penyampaian Bukti Iklan Penyampaian Prospektus PUT VI PT Ban,20240701,AGRS,1,0,0,1,0,0,0,0,0
20240701_PRTL_Prospektus Ringkas Penawaran Umum Berkelanjutan Obligasi Ber,20240701,PRTL,2,0,0,0,0,2,0,0,0
20240701_PRTL_Surat Pengantar Bukti Pengumuman Prospektus Ringkas Penawara,20240701,PRTL,1,0,0,0,0,1,0,0,0
20240702_BBYB_Penyampaian Prospektus,20240702,BBYB,2,2,0,0,0,0,0,0,0
20240702_BTPN_Penyampaian Bukti Iklan Informasi Tambahan dan_atau Perbaika,20240702,BTPN,4,0,0,4,0,0,0,0,0
20240703_BBYB_Penyampaian Bukti Iklan Publikasi Prospektus PMHMETD VII PT,20240703,BBYB,1,0,0,1,0,0,0,0,0
20240705_APAI_Penyampaian Bukti Iklan Penyampaian Bukti Iklan Informasi Ta,20240705,APAI,1,0,0,1,0,0,0,0,0
20240708_BRPT_Penyampaian Prospektus,20240708,BRPT,1,1,0,0,0,0,0,0,0
20240712_BWPT_Penyampaian Bukti Iklan bukti iklan prospektus ringkas,20240712,BWPT,3,0,0,3,0,0,0,0,0
20240712_BWPT_Penyampaian Bukti Iklan Informasi tambahan dan_atau perbaika,20240712,BWPT,1,0,0,1,0,0,0,0,0
20240730_MSIE_Permohonan Perubahan Informasi Jadwal Perdagangan Waran dan,20240730,MSIE,1,0,0,0,0,1,0,0,0
20240909_HRTA_Penyampaian Dokumen Informasi Tambahan serta Perubahan dan_a,20240909,HRTA,2,0,0,0,0,2,0,0,0
20240910_INKP_Penyampaian Bukti Iklan Prospektus Ringkas Penawaran Umum Be,20240910,INKP,2,0,0,2,0,0,0,0,0
20240910_INKP_Prospektus Ringkas Penawaran Umum Berkelanjutan Obligasi Ber,20240910,INKP,2,0,0,0,0,2,0,0,0
20240910_LPPI_Penyampaian Bukti Iklan Prospektus Ringkas Obligasi Berkelan,20240910,LPPI,2,0,0,2,0,0,0,0,0
20240910_LPPI_Prospektus Ringkas Obligasi Berkelanjutan III Lontar Papyrus,20240910,LPPI,2,0,0,0,0,2,0,0,0
20240911_HRTA_Penyampaian Bukti Iklan Perubahan dan_atau Tambahan Informas,20240911,HRTA,2,0,0,2,0,0,0,0,0
20240913_ASDF_Penyampaian Prospektus,20240913,ASDF,1,1,0,0,0,0,0,0,0
20240913_UNKNOWN_Penyampaian Perubahan Prospektus dan_atau Term Sheet Structu,20240913,UNKNOWN,5,5,0,0,0,0,0,0,0
20240919_BFIN_Penyampaian Bukti Iklan Penyampaian Bukti Iklan Pemberitahua,20240919,BFIN,4,0,0,4,0,0,0,0,0
20240919_BFIN_Penyampaian Prospektus,20240919,BFIN,1,1,0,0,0,0,0,0,0
20240923_HRTA_Penyampaian Dokumen Perubahan dan_atau Tambahan Informasi at,20240923,HRTA,2,0,0,0,0,2,0,0,0
20240923_XPFT_Penyampaian Prospektus_Perubahan Prospektus,20240923,XPFT,1,1,0,0,0,0,0,0,0
20240924_ADMF_Penyampaian Prospektus,20240924,ADMF,3,3,0,0,0,0,0,0,0
20240924_ADMF_Penyampaian Prospektus (KOREKSI),20240924,ADMF,6,6,0,0,0,0,0,0,0
20240925_HRTA_Penyampaian Bukti Iklan Perubahan dan_atau Tambahan Informas,20240925,HRTA,2,0,0,2,0,0,0,0,0
20240928_XMGB_Penyampaian Prospektus_Perubahan Prospektus,20240928,XMGB,3,1,0,0,0,2,0,0,0
20241001_INKP_Penyampaian Bukti Iklan Penyampaian Bukti Iklan Informasi Ta,20241001,INKP,2,0,0,2,0,0,0,0,0
20241001_LPPI_Penyampaian Bukti Iklan Informasi Tambahan dan_atau Perbaika,20241001,LPPI,2,0,0,2,0,0,0,0,0
20241021_UNKNOWN_Keterbukaan Informasi terkait Prospektus Waran Terstruktur 2,20241021,UNKNOWN,1,0,0,0,0,0,0,0,1
20241024_TUFI_Penyampaian Prospektus,20241024,TUFI,3,3,0,0,0,0,0,0,0
20241025_TAFS_Penyampaian Prospektus,20241025,TAFS,1,1,0,0,0,0,0,0,0
20241029_DSSA_Penyampaian Prospektus,20241029,DSSA,2,2,0,0,0,0,0,0,0
20241030_GMFI_Penyampaian Prospektus,20241030,GMFI,1,1,0,0,0,0,0,0,0
20241101_KAII_Penyampaian Bukti Iklan Prospektus Ringkas dalam rangka Pena,20241101,KAII,1,0,0,1,0,0,0,0,0
20241104_KAII_Penyampaian Prospektus Ringkas PUB II KAI Tahun 2024,20241104,KAII,1,0,0,0,0,1,0,0,0
20241112_TBIG_Penyampaian Prospektus,20241112,TBIG,2,2,0,0,0,0,0,0,0
20241113_PTRO_Penyampaian Prospektus,20241113,PTRO,2,2,0,0,0,0,0,0,0
20241114_KAII_Penyampaian Bukti Publikasi Informasi Tambahan dan_atau Perb,20241114,KAII,1,0,0,0,0,1,0,0,0
20241119_SMII_Penyampaian Prospektus,20241119,SMII,2,2,0,0,0,0,0,0,0
20241120_HRTA_Penyampaian Dokumen Perubahan dan_atau Tambahan Informasi at,20241120,HRTA,2,0,0,0,0,2,0,0,0
20241121_DSSA_Penyampaian Prospektus,20241121,DSSA,2,2,0,0,0,0,0,0,0
20241121_FMFN_Penyampaian Bukti Iklan Prospektus Ringkas,20241121,FMFN,3,0,0,3,0,0,0,0,0
20241122_HRTA_Penyampaian Bukti Iklan Penyampaian Bukti Iklan Perubahan da,20241122,HRTA,2,0,0,2,0,0,0,0,0
20241129_ADRO_Penyampaian Prospektus,20241129,ADRO,1,1,0,0,0,0,0,0,0
20241129_MDKA_Penyampaian Bukti Iklan Penyampaian Bukti Iklan Pengumuman P,20241129,MDKA,2,0,0,2,0,0,0,0,0
20241130_BTPN_Penyampaian Prospektus,20241130,BTPN,1,1,0,0,0,0,0,0,0
20241204_BJBR_Penyampaian Bukti Iklan Prospektus Ringkas dalam rangka Pena,20241204,BJBR,6,0,0,6,0,0,0,0,0
20241204_BJBR_Penyampaian Prospektus,20241204,BJBR,6,6,0,0,0,0,0,0,0
20241204_MEDC_Penyampaian Prospektus,20241204,MEDC,2,2,0,0,0,0,0,0,0
20241209_PTRO_Penyampaian Prospektus,20241209,PTRO,2,2,0,0,0,0,0,0,0
20241212_BCAP_Penyampaian Bukti Iklan Prospektus Ringkas - Penawaran Umum,20241212,BCAP,2,0,0,2,0,0,0,0,0
20241212_FMFN_Informasi Tambahan dan_atau Perbaikan atas Prospektus Ringka,20241212,FMFN,3,0,0,0,0,3,0,0,0
20241212_PIDL_Penyampaian Bukti Iklan Prospektus Ringkas Penawaran Umum Be,20241212,PIDL,2,0,0,2,0,0,0,0,0
20241216_GMFI_Penyampaian Prospektus,20241216,GMFI,2,2,0,0,0,0,0,0,0
20241218_MDKA_Penyampaian Bukti Iklan Informasi Tambahan dan_atau Perbaika,20241218,MDKA,2,0,0,2,0,0,0,0,0
20241220_SMMA_Penyampaian Prospektus,20241220,SMMA,2,2,0,0,0,0,0,0,0
20241223_TRIM_Penyampaian Prospektus,20241223,TRIM,2,2,0,0,0,0,0,0,0
20241231_PIDL_Penyampaian Bukti Iklan Informasi Tambahan dan_atau Perbaika,20241231,PIDL,2,0,0,2,0,0,0,0,0
20250101_SMMA_Penyampaian Prospektus,20250101,SMMA,1,1,0,0,0,0,0,0,0
20250101_SMMA_Penyampaian Prospektus (KOREKSI),20250101,SMMA,1,1,0,0,0,0,0,0,0
20250102_BCAP_Penyampaian Bukti Iklan Informasi Tambahan dan_atau Perbaika,20250102,BCAP,2,0,0,2,0,0,0,0,0
20250106_IATA_Prospektus Ringkas Penawaran Umum Terbatas III PT MNC Energy,20250106,IATA,1,0,0,0,0,1,0,0,0
20250107_PALM_Penyampaian Prospektus,20250107,PALM,2,2,0,0,0,0,0,0,0
20250111_BBKP_Penyampaian Prospektus,20250111,BBKP,2,2,0,0,0,0,0,0,0
20250111_PNBN_Penyampaian Prospektus,20250111,PNBN,2,2,0,0,0,0,0,0,0
20250112_CNAF_Penyampaian Prospektus,20250112,CNAF,2,2,0,0,0,0,0,0,0
20250113_BTPN_Penyampaian Prospektus,20250113,BTPN,4,4,0,0,0,0,0,0,0
20250113_SMMA_Penyampaian Prospektus,20250113,SMMA,2,2,0,0,0,0,0,0,0
20250113_XPDV_Penyampaian Prospektus_Perubahan Prospektus,20250113,XPDV,1,1,0,0,0,0,0,0,0
20250113_XPFT_Penyampaian Prospektus_Perubahan Prospektus,20250113,XPFT,1,1,0,0,0,0,0,0,0
20250113_XPLQ_Penyampaian Prospektus_Perubahan Prospektus(KOREKSI),20250113,XPLQ,1,1,0,0,0,0,0,0,0
20250113_XPSG_Penyampaian Prospektus_Perubahan Prospektus,20250113,XPSG,1,1,0,0,0,0,0,0,0
20250115_PPGD_Penyampaian Prospektus,20250115,PPGD,2,2,0,0,0,0,0,0,0
20250116_MEDP_Penyampaian Prospektus,20250116,MEDP,1,1,0,0,0,0,0,0,0
20250120_JSMR_Penyampaian Prospektus,20250120,JSMR,2,2,0,0,0,0,0,0,0
20250121_BSDE_Penyampaian Bukti Iklan Prospektus Ringkas PT Bumi Serpong D,20250121,BSDE,2,0,0,2,0,0,0,0,0
20250121_HRTA_Penyampaian Bukti Iklan Bukti Iklan atas Perubahan dan_atau,20250121,HRTA,2,0,0,2,0,0,0,0,0
20250121_PALM_Penyampaian Prospektus,20250121,PALM,2,2,0,0,0,0,0,0,0
20250122_TBIG_Penyampaian Prospektus,20250122,TBIG,2,2,0,0,0,0,0,0,0
20250124_ADMF_Penyampaian Prospektus,20250124,ADMF,3,3,0,0,0,0,0,0,0
20250126_PNBN_Penyampaian Prospektus,20250126,PNBN,2,2,0,0,0,0,0,0,0
20250127_BBKP_Penyampaian Prospektus,20250127,BBKP,2,2,0,0,0,0,0,0,0
20250127_FIFA_Penyampaian Prospektus,20250127,FIFA,2,2,0,0,0,0,0,0,0
20250127_PPGD_Penyampaian Prospektus,20250127,PPGD,2,2,0,0,0,0,0,0,0
20250128_BBKP_Penyampaian Prospektus,20250128,BBKP,2,2,0,0,0,0,0,0,0
20250203_MEDP_Penyampaian Prospektus,20250203,MEDP,4,4,0,0,0,0,0,0,0
20250204_MEDP_Penyampaian Prospektus,20250204,MEDP,3,3,0,0,0,0,0,0,0
20250206_XBES_Penyampaian Prospektus_Perubahan Prospektus,20250206,XBES,1,1,0,0,0,0,0,0,0
20250212_TAFS_Penyampaian Prospektus,20250212,TAFS,1,1,0,0,0,0,0,0,0
20250219_CNAF_Penyampaian Prospektus,20250219,CNAF,2,2,0,0,0,0,0,0,0
20250224_ASDF_Penyampaian Prospektus,20250224,ASDF,2,2,0,0,0,0,0,0,0
20250225_OPPM_Penyampaian Bukti Iklan Prospektus Ringkas Obligasi Berkelan,20250225,OPPM,2,0,0,2,0,0,0,0,0
20250226_OPPM_Penyampaian Bukti Iklan Pengumuman Informasi Tambahan dan_at,20250226,OPPM,2,0,0,2,0,0,0,0,0
20250303_PTRO_Penyampaian Prospektus,20250303,PTRO,2,2,0,0,0,0,0,0,0
20250304_BMRI_Penyampaian Prospektus,20250304,BMRI,1,1,0,0,0,0,0,0,0
20250305_TBIG_Penyampaian Prospektus,20250305,TBIG,2,2,0,0,0,0,0,0,0
20250307_KAII_Penyampaian Prospektus,20250307,KAII,1,1,0,0,0,0,0,0,0
20250310_FASW_Penyampaian Prospektus,20250310,FASW,1,1,0,0,0,0,0,0,0
20250310_OTMA_Penyampaian Prospektus,20250310,OTMA,1,1,0,0,0,0,0,0,0
20250311_SMII_Penyampaian Prospektus,20250311,SMII,1,1,0,0,0,0,0,0,0
20250313_PTRO_Penyampaian Prospektus,20250313,PTRO,2,2,0,0,0,0,0,0,0
20250317_FIFA_Penyampaian Prospektus,20250317,FIFA,2,2,0,0,0,0,0,0,0
20250320_OPPM_Penyampaian Bukti Iklan Informasi Tambahan dan_atau Perbaika,20250320,OPPM,2,0,0,2,0,0,0,0,0
20250320_OPPM_Prospektus Ringkas Penawaran Umum Berkelanjutan Obligasi Ber,20250320,OPPM,2,0,0,0,0,2,0,0,0
20250321_KAII_Penyampaian Prospektus,20250321,KAII,1,1,0,0,0,0,0,0,0
20250324_OPPM_Penyampaian Bukti Iklan Pengumuman Informasi Tambahan dan_at,20250324,OPPM,2,0,0,2,0,0,0,0,0
20250325_OTMA_Penyampaian Prospektus,20250325,OTMA,2,2,0,0,0,0,0,0,0
20250410_WIFI_Penyampaian Prospektus,20250410,WIFI,2,2,0,0,0,0,0,0,0
20250414_UNKNOWN_Penyampaian Prospektus Waran Terstuktur,20250414,UNKNOWN,1,1,0,0,0,0,0,0,0
20250414_UNKNOWN_Penyampaian Prospektus Waran Terstuktur (KOREKSI),20250414,UNKNOWN,1,1,0,0,0,0,0,0,0
20250416_ISSP_Penyampaian Prospektus,20250416,ISSP,2,2,0,0,0,0,0,0,0
20250418_BEKS_Prospektus Ringkas Penambahan Modal Dengan Memberikan Hak Me,20250418,BEKS,2,0,0,0,0,2,0,0,0
20250421_BEKS_Penyampaian Bukti Iklan Penyampaian Bukti Iklan Prospektus R,20250421,BEKS,1,0,0,1,0,0,0,0,0
20250421_LPCK_Penyampaian Prospektus,20250421,LPCK,2,2,0,0,0,0,0,0,0
20250422_MEDC_Penyampaian Prospektus,20250422,MEDC,2,2,0,0,0,0,0,0,0
20250423_BEKS_Prospektus Ringkas Penambahan Modal Dengan Memberikan Hak Me,20250423,BEKS,1,0,0,0,0,1,0,0,0
20250428_MEDP_Pemberitahuan atas Prospektus Ringkas dalam rangka Penawaran,20250428,MEDP,2,0,0,0,0,2,0,0,0
20250430_IMJS_Prospektus Ringkas Penawaran Umum Terbatas IV Kepada Para Pe,20250430,IMJS,1,0,0,0,0,1,0,0,0
20250430_MEDP_Penyampaian Prospektus,20250430,MEDP,2,2,0,0,0,0,0,0,0
20250502_IMJS_Penyampaian Bukti Iklan Pengumuman Prospektus Ringkas Dalam,20250502,IMJS,1,0,0,1,0,0,0,0,0
20250507_POST_Penyampaian Prospektus,20250507,POST,2,2,0,0,0,0,0,0,0
20250514_CARE_Pemberitahuan atas Prospektus Ringkas dalam rangka Penawaran,20250514,CARE,4,0,0,0,0,4,0,0,0
20250514_CARE_Penyampaian Bukti Iklan Pemberitahuan atas Prospektus Ringka,20250514,CARE,2,0,0,2,0,0,0,0,0
20250521_BCAP_Penyampaian Prospektus,20250521,BCAP,1,1,0,0,0,0,0,0,0
20250521_DWGL_Penyampaian Prospektus,20250521,DWGL,2,2,0,0,0,0,0,0,0
20250521_OTMA_Penyampaian Prospektus,20250521,OTMA,2,2,0,0,0,0,0,0,0
20250521_TRIM_Penyampaian Bukti Iklan Prospektus Ringkas dalam rangka Pena,20250521,TRIM,2,0,0,2,0,0,0,0,0
20250522_OTMA_Penyampaian Prospektus,20250522,OTMA,2,2,0,0,0,0,0,0,0
20250523_BFIN_Penyampaian Prospektus,20250523,BFIN,1,1,0,0,0,0,0,0,0
20250523_UNKNOWN_Penyampaian Perubahan Prospektus Waran Terstuktur,20250523,UNKNOWN,1,1,0,0,0,0,0,0,0
20250526_WOMF_Penyampaian Prospektus,20250526,WOMF,2,2,0,0,0,0,0,0,0
20250527_BMTR_Penyampaian Bukti Iklan Prospektus Ringkas Penawaran Umum Be,20250527,BMTR,1,0,0,1,0,0,0,0,0
20250527_BMTR_Prospektus Ringkas Penawaran Umum Berkelanjutan Obligasi dan,20250527,BMTR,1,0,0,0,0,1,0,0,0
20250527_HATM_Penyampaian Prospektus,20250527,HATM,1,1,0,0,0,0,0,0,0
20250528_BMTR_Penyampaian Bukti Iklan Prospektus Ringkas Penawaran Umum Be,20250528,BMTR,2,0,0,2,0,0,0,0,0
20250528_BRIS_Penyampaian Prospektus,20250528,BRIS,2,2,0,0,0,0,0,0,0
20250603_NISP_Publikasi Prospektus Ringkas Obligasi Berkelanjutan IV OCBC,20250603,NISP,4,0,0,0,0,4,0,0,0
20250604_BCAP_Penyampaian Prospektus,20250604,BCAP,1,1,0,0,0,0,0,0,0
20250604_IMFI_Penyampaian Bukti Iklan Penyampaian Bukti Iklan Prospektus R,20250604,IMFI,3,0,0,3,0,0,0,0,0
20250610_BCAP_Penyampaian Prospektus,20250610,BCAP,1,1,0,0,0,0,0,0,0
20250610_BFIN_Penyampaian Prospektus,20250610,BFIN,1,1,0,0,0,0,0,0,0
20250610_BWPT_Penyampaian Bukti Iklan Penyampaian Bukti Iklan Prospektus R,20250610,BWPT,7,0,0,7,0,0,0,0,0
20250611_BFIN_Penyampaian Prospektus (KOREKSI),20250611,BFIN,1,1,0,0,0,0,0,0,0
20250612_BBNI_Penyampaian Bukti Iklan Prospektus Ringkas dalam rangka Pena,20250612,BBNI,1,0,0,1,0,0,0,0,0
20250612_BFIN_Penyampaian Prospektus (KOREKSI),20250612,BFIN,1,1,0,0,0,0,0,0,0
20250612_FASW_Penyampaian Prospektus,20250612,FASW,1,1,0,0,0,0,0,0,0
20250612_HATM_Penyampaian Prospektus,20250612,HATM,1,1,0,0,0,0,0,0,0
20250612_OTMA_Penyampaian Prospektus,20250612,OTMA,2,2,0,0,0,0,0,0,0
20250613_SMAR_Penyampaian Bukti Iklan Pengurmuman Prospektus Ringkas Penaw,20250613,SMAR,1,0,0,1,0,0,0,0,0
20250616_SGRO_Penyampaian Bukti Iklan Prospektus Ringkas dalam rangka Pena,20250616,SGRO,1,0,0,1,0,0,0,0,0
20250616_TUFI_Penyampaian Bukti Iklan Penyampaian Bukti Iklan Penerbitan P,20250616,TUFI,3,0,0,3,0,0,0,0,0
20250616_WOMF_Penyampaian Prospektus,20250616,WOMF,2,2,0,0,0,0,0,0,0
20250618_BRIS_Penyampaian Prospektus,20250618,BRIS,2,2,0,0,0,0,0,0,0
20250618_FIFA_Penyampaian Bukti Iklan Bukti Pengumuman Prospektus Ringkas,20250618,FIFA,2,0,0,2,0,0,0,0,0
20250618_MEDC_Penyampaian Prospektus,20250618,MEDC,2,2,0,0,0,0,0,0,0
20250619_BMTR_Informasi Tambahan dan_atau Perbaikan atas Prospektus Ringka,20250619,BMTR,1,0,0,0,0,1,0,0,0
20250619_BMTR_Penyampaian Bukti Iklan Informasi Tambahan dan_atau Perbaika,20250619,BMTR,2,0,0,2,0,0,0,0,0
20250619_BUMI_Penyampaian Bukti Iklan Prospektus Ringkas dalam Rangka Pena,20250619,BUMI,2,0,0,2,0,0,0,0,0
20250619_BUMI_Publikasi Prospektus Ringkas dalam Rangka Penawaran Umum Ber,20250619,BUMI,1,0,0,0,0,1,0,0,0
20250619_RMKE_Penyampaian Bukti Iklan Penyampaian Bukti Iklan Prospektus R,20250619,RMKE,1,0,0,1,0,0,0,0,0
20250619_SMDR_Penyampaian Prospektus,20250619,SMDR,1,1,0,0,0,0,0,0,0
20250620_TBIG_Penyampaian Bukti Iklan Prospektus Ringkas Penawaran Umum Be,20250620,TBIG,4,0,0,4,0,0,0,0,0
20250620_TBIG_Prospektus Ringkas Penawaran Umum Berkelanjutan Obligasi Ber,20250620,TBIG,2,0,0,0,0,2,0,0,0
20250623_MEDP_Penyampaian Prospektus,20250623,MEDP,2,2,0,0,0,0,0,0,0
20250623_PYFA_Prospektus Ringkas atas Penawaran Umum Berkelanjutan Obligas,20250623,PYFA,2,0,0,0,0,2,0,0,0
20250623_WIFI_Penyampaian Prospektus,20250623,WIFI,2,2,0,0,0,0,0,0,0
20250624_TRIM_Penyampaian Bukti Iklan Penyampaian Bukti Iklan Informasi Ta,20250624,TRIM,1,0,0,1,0,0,0,0,0
20250624_WIFI_Penyampaian Prospektus,20250624,WIFI,1,1,0,0,0,0,0,0,0
20250625_BBRI_Penyampaian Bukti Iklan Informasi Tambahan dan_atau Perbaika,20250625,BBRI,2,0,0,2,0,0,0,0,0
20250625_NISP_Publikasi Informasi Tambahan dan atau Perbaikan atas Prospek,20250625,NISP,4,0,0,0,0,4,0,0,0
20250626_BBNI_Penyampaian Bukti Iklan Penyampaian Perubahan dan_atau Infor,20250626,BBNI,1,0,0,1,0,0,0,0,0
20250626_DART_Penyampaian Prospektus,20250626,DART,2,2,0,0,0,0,0,0,0
20250626_FILM_Penyampaian Prospektus,20250626,FILM,2,2,0,0,0,0,0,0,0
20250626_SMAR_Penyampaian Bukti Iklan Informasi Tambahan dan_atau Perbaika,20250626,SMAR,1,0,0,1,0,0,0,0,0
20250626_TUFI_Penyampaian Bukti Iklan Penyampaian Bukti Iklan Informasi Ta,20250626,TUFI,3,0,0,3,0,0,0,0,0
20250626_TUFI_Penyampaian Prospektus,20250626,TUFI,4,4,0,0,0,0,0,0,0
20250630_BUMI_Penyampaian Bukti Iklan Bukti Iklan Informasi Tambahan dan_a,20250630,BUMI,2,0,0,2,0,0,0,0,0
20250630_BUMI_Publikasi Informasi Tambahan dan_atau Perbaikan atas Prospek,20250630,BUMI,1,0,0,0,0,1,0,0,0
20250630_FILM_Penyampaian Prospektus (KOREKSI),20250630,FILM,2,2,0,0,0,0,0,0,0
20250630_IMFI_Penyampaian Bukti Iklan Prospektus Ringkas PUB VI Tahap I Ta,20250630,IMFI,3,0,0,3,0,0,0,0,0
20250630_TBIG_Informasi Tambahan Dan_Atau Perbaikan Atas Prospektus Ringka,20250630,TBIG,1,0,0,0,0,1,0,0,0
20250630_TBIG_Penyampaian Bukti Iklan Informasi Tambahan Dan_Atau Perbaika,20250630,TBIG,3,0,0,3,0,0,0,0,0
20250701_CARE_Penyampaian Prospektus,20250701,CARE,3,3,0,0,0,0,0,0,0
20250701_PYFA_Informasi Tambahan atas Prospektus Ringkas atas Penawaran Um,20250701,PYFA,1,0,0,0,0,1,0,0,0
20250701_RMKE_Penyampaian Bukti Iklan Bukti Iklan Perbaikan Dan_Atau Tamba,20250701,RMKE,1,0,0,1,0,0,0,0,0
20250702_ADMF_Penyampaian Bukti Iklan Penyampaian Bukti Iklan Informasi Ta,20250702,ADMF,2,0,0,2,0,0,0,0,0
20250702_MINA_Penyampaian Prospektus,20250702,MINA,2,2,0,0,0,0,0,0,0
20250702_SMDR_Penyampaian Prospektus (KOREKSI),20250702,SMDR,1,1,0,0,0,0,0,0,0
20250702_TOWR_Penyampaian Prospektus,20250702,TOWR,4,4,0,0,0,0,0,0,0
20250703_CARE_Penyampaian Bukti Iklan Penyampaian informasi tambahan serta,20250703,CARE,2,0,0,2,0,0,0,0,0
20250703_TRIM_Penyampaian Bukti Iklan Informasi Tambahan dan_atau Perbaika,20250703,TRIM,1,0,0,1,0,0,0,0,0
20250721_COCO_Prospektus Ringkas Dalam Rangka Penawaran Umum Terbatas Kepa,20250721,COCO,1,0,0,0,0,1,0,0,0
20250722_COCO_Penyampaian Bukti Iklan Penyampaian Bukti Iklan Prospektus R,20250722,COCO,1,0,0,1,0,0,0,0,0
20250910_BUVA_Prospektus Ringkas Penambahan Modal Dengan Memberikan Hak Me,20250910,BUVA,1,0,0,0,0,1,0,0,0
20250915_IMJS_Prospektus Ringkas Penawaran Umum Terbatas IV Kepada Para Pe,20250915,IMJS,1,0,0,0,0,1,0,0,0
20250916_BSDE_Penyampaian Bukti Iklan Informasi Tambahan dan_atau Perbaika,20250916,BSDE,2,0,0,2,0,0,0,0,0
20250916_IMJS_Penyampaian Bukti Iklan Penyampaian Bukti Iklan Pengumuman P,20250916,IMJS,1,0,0,1,0,0,0,0,0
20250918_DSSA_Penyampaian Prospektus,20250918,DSSA,2,2,0,0,0,0,0,0,0
20250919_CSIS_Publikasi Prospektus Ringkas Penambahan Modal Dengan Memberi,20250919,CSIS,2,0,0,0,0,2,0,0,0
20250922_CSIS_Penyampaian Bukti Iklan Publikasi Prospektus Ringkas Penamba,20250922,CSIS,1,0,0,1,0,0,0,0,0
20250923_BANK_Pemberitahuan atas Prospektus Ringkas dalam rangka Penawaran,20250923,BANK,2,0,0,0,0,2,0,0,0
20250923_TRIM_Penyampaian Prospektus,20250923,TRIM,2,2,0,0,0,0,0,0,0
20250926_INET_Penyampaian Prospektus,20250926,INET,2,2,0,0,0,0,0,0,0
20250926_PNMP_Penyampaian Prospektus,20250926,PNMP,2,2,0,0,0,0,0,0,0
20251001_COCO_Penyampaian Bukti Iklan Penyampaian Bukti Iklan Informasi Ta,20251001,COCO,1,0,0,1,0,0,0,0,0
20251001_COCO_Tambahan Informasi dan_atau Perbaikan Atas Informasi Tambaha,20251001,COCO,1,0,0,0,0,1,0,0,0
20251001_CUAN_Penyampaian Prospektus,20251001,CUAN,1,1,0,0,0,0,0,0,0
20251002_COCO_Tambahan Informasi dan_atau Perbaikan Atas Informasi Tambaha,20251002,COCO,1,0,0,0,0,1,0,0,0
20251003_TRIM_Penyampaian Prospektus,20251003,TRIM,2,2,0,0,0,0,0,0,0
20251006_ADMF_Penyampaian Prospektus,20251006,ADMF,3,3,0,0,0,0,0,0,0
20251006_DSSA_Penyampaian Prospektus,20251006,DSSA,2,2,0,0,0,0,0,0,0
20251006_SMMA_Penyampaian Prospektus,20251006,SMMA,2,2,0,0,0,0,0,0,0
20251006_TRIM_Penyampaian Prospektus,20251006,TRIM,1,1,0,0,0,0,0,0,0
20251009_ARMA_Penyampaian Bukti Iklan Pengumuman Prospektus Ringkas dalam,20251009,ARMA,3,0,0,3,0,0,0,0,0
20251009_ASDF_Penyampaian Prospektus,20251009,ASDF,2,2,0,0,0,0,0,0,0
20251013_PNMP_Penyampaian Prospektus,20251013,PNMP,2,2,0,0,0,0,0,0,0
20251015_PACK_Penyampaian Prospektus,20251015,PACK,1,1,0,0,0,0,0,0,0
20251020_ASDF_Penyampaian Prospektus,20251020,ASDF,2,2,0,0,0,0,0,0,0
20251020_CUAN_Penyampaian Prospektus,20251020,CUAN,2,2,0,0,0,0,0,0,0
20251020_IIFF_Penyampaian Prospektus,20251020,IIFF,2,2,0,0,0,0,0,0,0
20251021_TAFS_Penyampaian Prospektus,20251021,TAFS,1,1,0,0,0,0,0,0,0
20251023_WISL_Penyampaian Prospektus,20251023,WISL,1,1,0,0,0,0,0,0,0
20251023_WISL_Penyampaian Prospektus (KOREKSI),20251023,WISL,2,2,0,0,0,0,0,0,0
20251024_PPGD_Penyampaian Prospektus,20251024,PPGD,2,2,0,0,0,0,0,0,0
20251027_ARMA_Penyampaian Bukti Iklan Informasi Tambahan dan_atau Perubaha,20251027,ARMA,2,0,0,2,0,0,0,0,0
20251028_BUVA_Penyampaian Prospektus,20251028,BUVA,1,1,0,0,0,0,0,0,0
20251031_CSIS_Penyampaian Bukti Iklan Publikasi Prospektus Ringkas Penamba,20251031,CSIS,2,0,0,2,0,0,0,0,0
20251031_CSIS_Publikasi Prospektus Ringkas Penambahan Modal Dengan Memberi,20251031,CSIS,2,0,0,0,0,2,0,0,0
20251103_GMFI_Penyampaian Prospektus,20251103,GMFI,2,2,0,0,0,0,0,0,0
20251103_WISL_Penyampaian Prospektus (KOREKSI),20251103,WISL,2,2,0,0,0,0,0,0,0
20251105_SMII_Penyampaian Prospektus,20251105,SMII,2,2,0,0,0,0,0,0,0
20251106_PPGD_Penyampaian Prospektus,20251106,PPGD,2,2,0,0,0,0,0,0,0
20251106_TBIG_Penyampaian Prospektus,20251106,TBIG,2,2,0,0,0,0,0,0,0
20251107_TAFS_Penyampaian Prospektus,20251107,TAFS,1,1,0,0,0,0,0,0,0
20251110_LPPI_Penyampaian Bukti Iklan Prospektus Ringkas Obligasi Berkelan,20251110,LPPI,2,0,0,2,0,0,0,0,0
20251113_BALI_Penyampaian Prospektus,20251113,BALI,1,1,0,0,0,0,0,0,0
20251118_TRIM_Penyampaian Prospektus,20251118,TRIM,2,2,0,0,0,0,0,0,0
20251119_TBIG_Penyampaian Prospektus,20251119,TBIG,2,2,0,0,0,0,0,0,0
20251121_BBTN_Penyampaian Prospektus,20251121,BBTN,1,1,0,0,0,0,0,0,0
20251124_BBTN_Penyampaian Bukti Iklan Prospektus Ringkas Penawaran Umum Be,20251124,BBTN,1,0,0,1,0,0,0,0,0
20251128_TBIG_Penyampaian Prospektus,20251128,TBIG,1,1,0,0,0,0,0,0,0
20251201_BSDE_Penyampaian Prospektus,20251201,BSDE,1,1,0,0,0,0,0,0,0
20251201_POLI_Penyampaian Prospektus,20251201,POLI,1,1,0,0,0,0,0,0,0
20251202_IMJS_Penyampaian Prospektus,20251202,IMJS,1,1,0,0,0,0,0,0,0
20251203_LPPI_Penyampaian Bukti Iklan Informasi Tambahan dan_atau Perbaika,20251203,LPPI,2,0,0,2,0,0,0,0,0
20251203_LPPI_Prospektus Ringkas Penawaran Umum Berkelanjutan Obligasi Ber,20251203,LPPI,2,0,0,0,0,2,0,0,0
20251203_MYOR_Penyampaian Prospektus,20251203,MYOR,1,1,0,0,0,0,0,0,0
20251205_BBTN_Penyampaian Bukti Iklan Perubahan dan_atau Tambahan Informas,20251205,BBTN,2,0,0,2,0,0,0,0,0
20251205_BWPT_Penyampaian Prospektus,20251205,BWPT,4,4,0,0,0,0,0,0,0
20251209_BWPT_Penyampaian Prospektus,20251209,BWPT,4,4,0,0,0,0,0,0,0
20251211_BSDE_Penyampaian Prospektus,20251211,BSDE,1,1,0,0,0,0,0,0,0
20251211_PANI_Penyampaian Prospektus,20251211,PANI,1,1,0,0,0,0,0,0,0
20251212_CSIS_Publikasi Prospektus dan Prospektus Ringkas dalam rangka Pen,20251212,CSIS,3,0,0,0,0,3,0,0,0
20251212_GMFI_Penyampaian Prospektus,20251212,GMFI,2,2,0,0,0,0,0,0,0
20251215_CSIS_Penyampaian Bukti Iklan Publikasi Prospektus dan Prospektus,20251215,CSIS,2,0,0,2,0,0,0,0,0
20251215_CSIS_Publikasi Prospektus dan Prospektus Ringkas dalam rangka Pen,20251215,CSIS,4,0,0,0,0,4,0,0,0
20251215_PNMP_Penyampaian Prospektus,20251215,PNMP,2,2,0,0,0,0,0,0,0
20251216_CSIS_Publikasi Prospektus dan Prospektus Ringkas dalam rangka Pen,20251216,CSIS,4,0,0,0,0,4,0,0,0
20251218_TPIA_Penyampaian Prospektus,20251218,TPIA,1,1,0,0,0,0,0,0,0
20251219_MYOR_Penyampaian Prospektus,20251219,MYOR,1,1,0,0,0,0,0,0,0
20251219_XSPI_Keterbukaan Informasi terkait Informasi atas Fakta Material,20251219,XSPI,2,0,0,0,0,0,0,0,2
20251223_INET_Penyampaian Prospektus,20251223,INET,2,2,0,0,0,0,0,0,0
20251224_BWPT_Penyampaian Prospektus,20251224,BWPT,4,4,0,0,0,0,0,0,0
20251224_ENRG_Penyampaian Bukti Iklan Penyampaian Bukti Iklan Informasi Ta,20251224,ENRG,1,0,0,1,0,0,0,0,0
20251229_INET_Penyampaian Prospektus (KOREKSI),20251229,INET,5,5,0,0,0,0,0,0,0
20251230_BWPT_Penyampaian Prospektus,20251230,BWPT,4,4,0,0,0,0,0,0,0
20251231_BANK_Penyampaian Prospektus,20251231,BANK,2,2,0,0,0,0,0,0,0
20260102_PACK_Penyampaian Prospektus,20260102,PACK,1,1,0,0,0,0,0,0,0
20260114_IRSX_Penyampaian Prospektus,20260114,IRSX,2,2,0,0,0,0,0,0,0
20260120_SMAR_Penyampaian Prospektus,20260120,SMAR,2,2,0,0,0,0,0,0,0
20260122_INET_Penyampaian Prospektus,20260122,INET,2,2,0,0,0,0,0,0,0
20260123_CNAF_Penyampaian Prospektus,20260123,CNAF,2,2,0,0,0,0,0,0,0
20260123_HIFI_Penyampaian Prospektus,20260123,HIFI,2,2,0,0,0,0,0,0,0
20260127_TBIG_Penyampaian Prospektus,20260127,TBIG,2,2,0,0,0,0,0,0,0
20260129_JSMR_Penyampaian Prospektus,20260129,JSMR,2,2,0,0,0,0,0,0,0
20260130_SANF_Penyampaian Prospektus,20260130,SANF,2,2,0,0,0,0,0,0,0
20260202_SMAR_Penyampaian Prospektus,20260202,SMAR,1,1,0,0,0,0,0,0,0
20260203_WOMF_Penyampaian Prospektus,20260203,WOMF,2,2,0,0,0,0,0,0,0
20260204_HIFI_Penyampaian Prospektus,20260204,HIFI,2,2,0,0,0,0,0,0,0
20260204_IMFI_Penyampaian Prospektus,20260204,IMFI,2,2,0,0,0,0,0,0,0
20260204_TPIA_Penyampaian Prospektus,20260204,TPIA,2,2,0,0,0,0,0,0,0
20260206_FIFA_Penyampaian Prospektus,20260206,FIFA,2,2,0,0,0,0,0,0,0
20260209_ADMF_Penyampaian Prospektus,20260209,ADMF,3,3,0,0,0,0,0,0,0
20260210_TBIG_Penyampaian Prospektus,20260210,TBIG,1,1,0,0,0,0,0,0,0
20260211_CNAF_Penyampaian Prospektus,20260211,CNAF,2,2,0,0,0,0,0,0,0
20260211_HIFI_Penyampaian Prospektus,20260211,HIFI,2,2,0,0,0,0,0,0,0
20260211_PALM_Penyampaian Prospektus,20260211,PALM,2,2,0,0,0,0,0,0,0
20260212_IMFI_Penyampaian Prospektus,20260212,IMFI,2,2,0,0,0,0,0,0,0
20260213_BABY_Penyampaian Prospektus,20260213,BABY,1,1,0,0,0,0,0,0,0
20260218_TRIM_Penyampaian Prospektus,20260218,TRIM,2,2,0,0,0,0,0,0,0
20260223_ADMF_Penyampaian Prospektus,20260223,ADMF,3,3,0,0,0,0,0,0,0
20260223_WISL_Penyampaian Prospektus,20260223,WISL,2,2,0,0,0,0,0,0,0
20260223_WOMF_Penyampaian Prospektus,20260223,WOMF,2,2,0,0,0,0,0,0,0
20260225_INKP_Penyampaian Bukti Iklan Prospektus Ringkas Obligasi Berkelan,20260225,INKP,2,0,0,2,0,0,0,0,0
20260227_BBRI_Penyampaian Prospektus,20260227,BBRI,2,2,0,0,0,0,0,0,0
20260302_BANK_Penyampaian Prospektus,20260302,BANK,1,1,0,0,0,0,0,0,0
20260303_TRIM_Penyampaian Prospektus,20260303,TRIM,2,2,0,0,0,0,0,0,0
20260304_WISL_Penyampaian Prospektus,20260304,WISL,2,2,0,0,0,0,0,0,0
