Nomor,BondId,BondName,IssuerCode,MatureDate,Rating,Outstanding
23,BBNI01ASLCN1,Obligasi Berlandaskan Keberlanjutan Berkelanjutan I Bank BNI Tahap I Tahun 2025 Seri A,BBNI,2028-07-04T07:00:00,idAAA,3500000000000.0
34,SMPNMP01ASECN1,Sukuk Mudharabah Berwawasan Sosial Orange Berkelanjutan I PNM Tahap I Tahun 2025 Seri A,PNMP,2026-07-18T07:00:00,idAAA(sy),989995000000.0
35,SMFP02SOCN1,Obligasi Berwawasan Sosial Berkelanjutan II Sarana Multigriya Finansial Tahap I Tahun 2025,SMFP,2030-07-08T07:00:00,idAAA,1650000000000.0
45,SMII02DCN2,Obligasi Berkelanjutan II Sarana Multi Infrastruktur Tahap II Tahun 2019 Seri D,SMII,2026-08-28T07:00:00,idAAA,1292000000000.0
49,SMSMII01DCN3,Sukuk Mudharabah Berkelanjutan I Sarana Multi Infrastruktur Tahap III Tahun 2019 Seri D,SMII,2026-08-28T07:00:00,idAAA(sy),76000000000.0
53,SMII02DCN3,Obligasi Berkelanjutan II Sarana Multi Infrastruktur Tahap III Tahun 2019 Seri D,SMII,2026-10-30T07:00:00,idAAA,945250000000.0
66,BJBR01CCN3,Obligasi Berkelanjutan I Bank BJB Tahap III Tahun 2019 Seri C,BJBR,2026-10-18T07:00:00,idAA,74000000000.0
78,BJBR02BSBCN1,Obligasi Subordinasi Berkelanjutan II Bank BJB Tahap I Tahun 2020 Seri B,BJBR,2027-03-03T07:00:00,idA+,368000000000.0
100,SMII03CCN3,Obligasi Berkelanjutan III Sarana Multi Infrastruktur Tahap III Tahun 2023 Seri C,SMII,2027-05-17T07:00:00,idAAA,1914130000000.0
109,SMII04BCN3,Obligasi Berkelanjutan IV Sarana Multi Infrastruktur Tahap III Tahun 2025 Seri B,SMII,2028-03-27T07:00:00,idAAA,1128030000000.0
110,SMII04CCN3,Obligasi Berkelanjutan IV Sarana Multi Infrastruktur Tahap III Tahun 2025 Seri C,SMII,2030-03-27T07:00:00,idAAA,1115010000000.0
112,SIISSP02BCN3,Sukuk Ijarah Berkelanjutan II SPINDO Tahap III Tahun 2025 Seri B,ISSP,2028-04-23T07:00:00,idA(sy),155000000.0
113,SIISSP02CCN3,Sukuk Ijarah Berkelanjutan II SPINDO Tahap III Tahun 2025 Seri C,ISSP,2030-04-23T07:00:00,idA(sy),76010000000.0
121,TPR-SMBRIS01X4JP,Sukuk Mudharabah Muqayadah Jangka Panjang Yang Dilakukan Tanpa Melalui Penawaran Umum I PT Bank BSI Tbk Tahun 2025 Tahap IV,BRIS,2038-03-20T07:00:00,,8260381192.0
146,ISSP02CCN3,Obligasi Berkelanjutan II SPINDO Tahap III Tahun 2025 Seri C,ISSP,2030-04-23T07:00:00,idA,40520000000.0
147,ISSP02BCN3,Obligasi Berkelanjutan II SPINDO Tahap III Tahun 2025 Seri B,ISSP,2028-04-23T07:00:00,idA,27665000000.0
156,BBRI02DCN2,Obligasi Berkelanjutan II Bank BRI Tahap II Tahun 2017 Seri D,BBRI,2027-04-11T07:00:00,idAAA,1300500000000.0
159,SMII04CCN4,Obligasi Berkelanjutan IV Sarana Multi Infrastruktur Tahap IV Tahun 2025 Seri C,SMII,2030-11-27T07:00:00,idAAA,900000000000.0
160,SMSMII03ACN2,Sukuk Mudharabah Berkelanjutan III Sarana Multi Infrastruktur Tahap II Tahun 2025 Seri A,SMII,2026-12-07T07:00:00,idAAA(sy),1700000000000.0
161,SMSMII03BCN2,Sukuk Mudharabah Berkelanjutan III Sarana Multi Infrastruktur Tahap II Tahun 2025 Seri B,SMII,2028-11-27T07:00:00,idAAA(sy),800000000000.0
162,SMII04DCN4,Obligasi Berkelanjutan IV Sarana Multi Infrastruktur Tahap IV Tahun 2025 Seri D,SMII,2035-11-27T07:00:00,idAAA,300000000000.0
163,SMII04ECN4,Obligasi Berkelanjutan IV Sarana Multi Infrastruktur Tahap IV Tahun 2025 Seri E,SMII,2040-11-27T07:00:00,idAAA,300000000000.0
172,SMPNMP07X1V,Sukuk Mudharabah Jangka Menengah VII PT Permodalan Nasional Madani Tahun 2025 Tahap I,PNMP,2026-06-27T07:00:00,idAAA(sy),180000000000.0
176,SMPNMP01BSECN1,Sukuk Mudharabah Berwawasan Sosial Orange Berkelanjutan I PNM Tahap I Tahun 2025 Seri B,PNMP,2028-07-08T07:00:00,idAAA(sy),150000000000.0
198,BJBR02BSBCN2,Obligasi Subordinasi Berkelanjutan II Bank BJB Tahap II Tahun 2020 Seri B,BJBR,2027-11-17T07:00:00,idA+,337420000000.0
214,SMFP06BCN1,Obligasi Berkelanjutan VI Sarana Multigriya Finansial Tahap I Tahun 2021 Seri B,SMFP,2026-07-08T07:00:00,idAAA,1000000000000.0
217,SMPNMP01CCN1,Sukuk Mudharabah Berkelanjutan I PNM Tahap I Tahun 2021 Seri C,PNMP,2026-07-08T07:00:00,idAAA(sy),327000000000.0
221,BJBR03ASBCN1,Obligasi Subordinasi Berkelanjutan III Bank BJB Tahap I Tahun 2021 Seri A,BJBR,2026-07-15T07:00:00,idA+,379000000000.0
223,BJBR03BSBCN1,Obligasi Subordinasi Berkelanjutan III Bank BJB Tahap I Tahun 2021 Seri B,BJBR,2028-07-15T07:00:00,idA+,621000000000.0
250,SMFP06CN2,Obligasi Berkelanjutan VI Sarana Multigriya Finansial Tahap II Tahun 2021,SMFP,2026-11-17T07:00:00,idAAA,2800000000000.0
267,BMRI01CCN2,Obligasi Berkelanjutan I Bank Mandiri Tahap II Tahun 2017 Seri C,BMRI,2027-06-15T07:00:00,idAAA,1000000000000.0
273,BMRI01CCN1,Obligasi Berkelanjutan I Bank Mandiri Tahap I Tahun 2016 Seri C,BMRI,2026-09-30T07:00:00,idAAA,2400000000000.0
282,SMII01DCN1,Obligasi Berkelanjutan I Sarana Multi Infrastruktur Tahap I Tahun 2016 Seri D,SMII,2031-11-18T07:00:00,idAAA,674000000000.0
283,SMII01CCN1,Obligasi Berkelanjutan I Sarana Multi Infrastruktur Tahap I Tahun 2016 Seri C,SMII,2026-11-18T07:00:00,idAAA,700000000000.0
295,BBRI01ASOCN1,Obligasi Berwawasan Sosial Berkelanjutan I Bank BRI Tahap I Tahun 2025 Seri A,BBRI,2027-06-26T07:00:00,idAAA,1563090000000.0
296,SMBRIS01CSLCN2,Sukuk Mudharabah Berlandaskan Keberlanjutan Berkelanjutan I Bank BSI Tahap II Tahun 2025 Seri C,BRIS,2028-06-26T07:00:00,idAAA(sy),2380000000000.0
297,BBRI01BSOCN1,Obligasi Berwawasan Sosial Berkelanjutan I Bank BRI Tahap I Tahun 2025 Seri B,BBRI,2028-06-26T07:00:00,idAAA,2110745000000.0
298,SMBRIS01ASLCN2,Sukuk Mudharabah Berlandaskan Keberlanjutan Berkelanjutan I Bank BSI Tahap II Tahun 2025 Seri A,BRIS,2026-07-06T07:00:00,idAAA(sy),2445000000000.0
299,SMBRIS01BSLCN2,Sukuk Mudharabah Berlandaskan Keberlanjutan Berkelanjutan I Bank BSI Tahap II Tahun 2025 Seri B,BRIS,2027-06-26T07:00:00,idAAA(sy),175000000000.0
300,BBRI01CSOCN1,Obligasi Berwawasan Sosial Berkelanjutan I Bank BRI Tahap I Tahun 2025 Seri C,BBRI,2030-06-26T07:00:00,idAAA,1326165000000.0
320,BBRI02ECN1,Obligasi Berkelanjutan II Bank BRI Tahap I Tahun 2016 Seri E,BBRI,2026-12-01T07:00:00,idAAA,2350000000000.0
361,BBRI01CGNCN1,Obligasi Berwawasan Lingkungan Berkelanjutan I Bank BRI Tahap I Tahun 2022 Seri C,BBRI,2027-07-20T07:00:00,idAAA,500000000000.0
423,SMFP06CN4,Obligasi Berkelanjutan VI Sarana Multigriya Finansial Tahap IV Tahun 2023,SMFP,2028-02-22T07:00:00,idAAA,2000000000000.0
429,ISSP02CCN1,Obligasi Berkelanjutan II SPINDO Tahap I Tahun 2023 Seri C,ISSP,2028-04-04T07:00:00,idA,800000000.0
430,SIISSP02CCN1,Sukuk Ijarah Berkelanjutan II SPINDO Tahap I Tahun 2023 Seri C,ISSP,2028-04-04T07:00:00,idA(sy),10900000000.0
447,BBNI01BSLCN1,Obligasi Berlandaskan Keberlanjutan Berkelanjutan I Bank BNI Tahap I Tahun 2025 Seri B,BBNI,2030-07-04T07:00:00,idAAA,1500000000000.0
454,SKSMFP02CN1,Sukuk Musyarakah Berkelanjutan II Sarana Multigriya Finansial Tahap I Tahun 2025,SMFP,2026-07-18T07:00:00,idAAA(sy),445000000000.0
459,SKSMFP02SOCN1,Sukuk Musyarakah Berwawasan Sosial Berkelanjutan II Sarana Multigriya Finansial Tahap I Tahun 2025,SMFP,2030-07-08T07:00:00,idAAA(sy),250000000000.0
484,BMRI02BCN1,Obligasi Berkelanjutan II Bank Mandiri Tahap I Tahun 2020 Seri B,BMRI,2027-05-12T07:00:00,idAAA,650000000000.0
503,SMFP08ACN1,Obligasi Berkelanjutan VIII Sarana Multigriya Finansial Tahap I Tahun 2025 Seri A,SMFP,2026-07-18T07:00:00,idAAA,1460150000000.0
504,SMII01ASLCN1,Obligasi Keberlanjutan Berkelanjutan I Sarana Multi Infrastruktur Tahap I Tahun 2025 Seri A,SMII,2026-07-18T07:00:00,idAAA,465000000000.0
506,PNMP01CSECN1,Obligasi Berwawasan Sosial Orange Berkelanjutan I PNM Tahap I Tahun 2025 Seri C,PNMP,2030-07-08T07:00:00,idAAA,537000000000.0
508,SMII01CSLCN1,Obligasi Keberlanjutan Berkelanjutan I Sarana Multi Infrastruktur Tahap I Tahun 2025 Seri C,SMII,2030-07-08T07:00:00,idAAA,25000000000.0
512,PNMP01ASECN1,Obligasi Berwawasan Sosial Orange Berkelanjutan I PNM Tahap I Tahun 2025 Seri A,PNMP,2026-07-18T07:00:00,idAAA,220000000000.0
516,SMII01BSLCN1,Obligasi Keberlanjutan Berkelanjutan I Sarana Multi Infrastruktur Tahap I Tahun 2025 Seri B,SMII,2028-07-08T07:00:00,idAAA,110000000000.0
517,PNMP01BSECN1,Obligasi Berwawasan Sosial Orange Berkelanjutan I PNM Tahap I Tahun 2025 Seri B,PNMP,2028-07-08T07:00:00,idAAA,243000000000.0
519,SMFP08BCN1,Obligasi Berkelanjutan VIII Sarana Multigriya Finansial Tahap I Tahun 2025 Seri B,SMFP,2028-07-08T07:00:00,idAAA,115500000000.0
553,SMII03BCN4,Obligasi Berkelanjutan III Sarana Multi Infrastruktur Tahap IV Tahun 2023 Seri B,SMII,2026-12-14T07:00:00,idAAA,600000000000.0
554,SMBRIS02SB,Sukuk Mudharabah Subordinasi Jangka Menengah PT Bank Syariah Indonesia Tbk Tahun 2023,BRIS,2028-12-15T07:00:00,idAA(sy),200000000000.0
556,SMFP01SOCN1,Obligasi Berwawasan Sosial Berkelanjutan I Sarana Multigriya Finansial Tahap I Tahun 2023,SMFP,2028-12-22T07:00:00,idAAA,500000000000.0
557,IIFF02CCN1,Obligasi Berkelanjutan II Indonesia Infrastructure Finance Tahap I Tahun 2023 Seri C,IIFF,2028-12-22T07:00:00,idAAA,94331000000.0
558,IIFF02BCN1,Obligasi Berkelanjutan II Indonesia Infrastructure Finance Tahap I Tahun 2023 Seri B,IIFF,2026-12-22T07:00:00,idAAA,245060000000.0
559,SKSMFP01SOCN1,Sukuk Musyarakah Berwawasan Sosial Berkelanjutan I Sarana Multigriya Finansial Tahap I Tahun 2023,SMFP,2028-12-22T07:00:00,idAAA(sy),200000000000.0
571,IIFFPBGN,Surat Berharga Perpetual Berwawasan Lingkungan Indonesia Infrastructure Finance Tahun 2023,IIFF,2029-01-09T07:00:00,idAAA,335190000000.0
585,SMFP07BCN3,Obligasi Berkelanjutan VII Sarana Multigriya Finansial Tahap III Tahun 2024 Seri B,SMFP,2027-02-06T07:00:00,idAAA,212000000000.0
586,PPGD05BCN5,Obligasi Berkelanjutan V Pegadaian Tahap V Tahun 2024 Seri B,PPGD,2027-02-06T07:00:00,idAAA,201190000000.0
596,PNMP05BCN2,Obligasi Berkelanjutan V PNM Tahap II Tahun 2024 Seri B,PNMP,2027-03-20T07:00:00,idAAA,341030000000.0
597,BBRI01CGNCN3,Obligasi Berwawasan Lingkungan Berkelanjutan I Bank BRI Tahap III Tahun 2024 Seri C,BBRI,2027-03-20T07:00:00,idAAA,382905000000.0
599,TPR-BBRI03XXJP,LTN Yang Dilakukan Tanpa Melalui Penawaran Umum PT Bank Rakyat Indonesia (Persero) Tbk III Tahun 2024,BBRI,2037-02-26T07:00:00,,55920357750.0
600,TPR-SMBRIS01X2JP,Sukuk Mudharabah Muqayadah Jangka Panjang Yang Dilakukan Tanpa Melalui Penawaran Umum I PT Bank BSI Tbk Tahun 2023 Tahap II,BRIS,2036-06-26T07:00:00,,7761611519.0
602,SMFP07BCN4,Obligasi Berkelanjutan VII Sarana Multigriya Finansial Tahap IV Tahun 2024 Seri B,SMFP,2027-03-27T07:00:00,idAAA,300000000000.0
604,SMFP01SOCN2,Obligasi Berwawasan Sosial Berkelanjutan I Sarana Multigriya Finansial Tahap II Tahun 2024,SMFP,2029-03-27T07:00:00,idAAA,1500000000000.0
649,SMBRIS01CCN1,Sukuk Mudharabah Berlandaskan Keberlanjutan Berkelanjutan I Bank BSI Tahap I Tahun 2024 Seri C,BRIS,2027-06-14T07:00:00,idAAA(sy),1080000000000.0
663,SMFP07BCN5,Obligasi Berkelanjutan VII Sarana Multigriya Finansial Tahap V Tahun 2024 Seri B,SMFP,2027-06-26T07:00:00,idAAA,184500000000.0
665,SMFP01SOCN3,Obligasi Berwawasan Sosial Berkelanjutan I Sarana Multigriya Finansial Tahap III Tahun 2024,SMFP,2029-06-26T07:00:00,idAAA,2000000000000.0
675,SMSMII03BCN1,Sukuk Mudharabah Berkelanjutan III Sarana Multi Infrastruktur Tahap I Tahun 2024 Seri B,SMII,2027-07-05T07:00:00,idAAA(sy),60100000000.0
676,PPGD01BSOCN1,Obligasi Berwawasan Sosial Berkelanjutan I Pegadaian Tahap I Tahun 2024 Seri B,PPGD,2027-07-05T07:00:00,idAAA,30055000000.0
679,SMII04CCN1,Obligasi Berkelanjutan IV Sarana Multi Infrastruktur Tahap I Tahun 2024 Seri C,SMII,2029-07-05T07:00:00,idAAA,357000000000.0
680,BJBR04BSBCN1,Obligasi Subordinasi Berkelanjutan IV Bank BJB Tahap I Tahun 2024 Seri B,BJBR,2031-07-05T07:00:00,idA+,697045000000.0
681,SMPPGD03BCN1,Sukuk Mudharabah Berkelanjutan III Pegadaian Tahap I Tahun 2024 Seri B,PPGD,2027-07-05T07:00:00,idAAA(sy),18045000000.0
685,BJBR04ASBCN1,Obligasi Subordinasi Berkelanjutan IV Bank BJB Tahap I Tahun 2024 Seri A,BJBR,2029-07-05T07:00:00,idA+,744265000000.0
687,SMII04BCN1,Obligasi Berkelanjutan IV Sarana Multi Infrastruktur Tahap I Tahun 2024 Seri B,SMII,2027-07-05T07:00:00,idAAA,60010000000.0
689,PPGD06BCN1,Obligasi Berkelanjutan VI Pegadaian Tahap I Tahun 2024 Seri B,PPGD,2027-07-05T07:00:00,idAAA,51115000000.0
692,SMPPGD01BSOCN1,Sukuk Mudharabah Berwawasan Sosial Berkelanjutan I Pegadaian Tahap I Tahun 2024 Seri B,PPGD,2027-07-05T07:00:00,idAAA(sy),100000000.0
697,SMFP07CCN1,Obligasi Berkelanjutan VII Sarana Multigriya Finansial (Persero) Tahap I Tahun 2023 Seri C,SMFP,2028-07-12T07:00:00,idAAA,65000000000.0
698,SMFP07BCN1,Obligasi Berkelanjutan VII Sarana Multigriya Finansial Tahap I Tahun 2023 Seri B,SMFP,2026-07-12T07:00:00,idAAA,747000000000.0
699,SKSMFP01CN1,Sukuk Musyarakah Berkelanjutan I Sarana Multigriya Finansial (Persero) Tahap I Tahun 2023,SMFP,2028-07-12T07:00:00,idAAA(sy),170500000000.0
700,BMRI01BGNCN1,Obligasi Berwawasan Lingkungan Berkelanjutan I Bank Mandiri Tahap I Tahun 2023 Seri B,BMRI,2028-07-04T07:00:00,idAAA,3050000000000.0
720,ARKO01AGN,Obligasi Berwawasan Lingkungan I Arkora Hydro Tahun 2023 Seri A,ARKO,2026-08-08T07:00:00,idA+,318060000000.0
721,ARKO01BGN,Obligasi Berwawasan Lingkungan I Arkora Hydro Tahun 2023 Seri B,ARKO,2028-08-08T07:00:00,idA+,21835000000.0
726,PPGD05BCN4,Obligasi Berkelanjutan V Pegadaian Tahap IV Tahun 2023 Seri B,PPGD,2026-08-24T07:00:00,idAAA,228025000000.0
727,SMPPGD02CN4,Sukuk Mudharabah Berkelanjutan II Pegadaian Tahap IV Tahun 2023,PPGD,2026-08-24T07:00:00,idAAA(sy),235040000000.0
765,BBRI01CGNCN2,Obligasi Berwawasan Lingkungan Berkelanjutan I Bank BRI Tahap II Tahun 2023 Seri C,BBRI,2026-10-17T07:00:00,idAAA,500000000000.0
768,SMFP07CCN2,Obligasi Berkelanjutan VII Sarana Multigriya Finansial Tahap II Tahun 2023 Seri C,SMFP,2028-10-20T07:00:00,idAAA,1300000000000.0
769,SMFP07BCN2,Obligasi Berkelanjutan VII Sarana Multigriya Finansial Tahap II Tahun 2023 Seri B,SMFP,2026-10-20T07:00:00,idAAA,256000000000.0
770,TPR-BBRI02XXJP,LTN Yang Dilakukan Tanpa Melalui Penawaran Umum PT Bank Rakyat Indonesia (Persero) Tbk II Tahun 2023,BBRI,2037-01-25T07:00:00,,59485072875.0
796,SMII04BCN2,Obligasi Berkelanjutan IV Sarana Multi Infrastruktur Tahap II Tahun 2024 Seri B,SMII,2027-12-06T07:00:00,idAAA,600000000000.0
797,SMII04DCN2,Obligasi Berkelanjutan IV Sarana Multi Infrastruktur Tahap II Tahun 2024 Seri D,SMII,2031-12-06T07:00:00,idAAA,1206005000000.0
798,SMII04CCN2,Obligasi Berkelanjutan IV Sarana Multi Infrastruktur Tahap II Tahun 2024 Seri C,SMII,2029-12-06T07:00:00,idAAA,543995000000.0
799,BJBR01PBCN1,Surat Berharga Perpetual Berkelanjutan I Bank BJB Tahap I Tahun 2024,BJBR,2030-06-10T07:00:00,idA,1000000000000.0
800,BJBR01BSLCN1,Obligasi Keberlanjutan Berkelanjutan I Bank BJB Tahap I Tahun 2024 Seri B,BJBR,2029-12-10T07:00:00,idAA,800000000000.0
803,BJBR01ASLCN1,Obligasi Keberlanjutan Berkelanjutan I Bank BJB Tahap I Tahun 2024 Seri A,BJBR,2027-12-10T07:00:00,idAA,200000000000.0
815,TPR-SMBRIS01X3JP,Sukuk Mudharabah Muqayadah Jangka Panjang Yang Dilakukan Tanpa Melalui Penawaran Umum I PT Bank BSI Tbk Tahun 2024 Tahap III,BRIS,2036-12-20T07:00:00,,7968794963.0
836,SMPNMP07X4V,Sukuk Mudharabah Jangka Menengah VII PT Permodalan Nasional Madani Tahun 2025 Tahap IV,PNMP-M,2026-09-29T07:00:00,idAAA(sy),635000000000.0
858,BMRI01BSLCN1,Obligasi Keberlanjutan Berkelanjutan I Bank Mandiri Tahap I Tahun 2025 Seri B,BMRI,2028-12-19T07:00:00,idAAA,2000000000000.0
872,SMPNMP07X6V,Sukuk Mudharabah Jangka Menengah VII PT Permodalan Nasional Madani Tahun 2025 Tahap VI,PNMP,2027-02-23T07:00:00,idAAA(sy),800000000000.0
877,TPR-BBNI01XXJP,LTN Yang Dilakukan Tanpa Melalui Penawaran Umum PT Bank Negara Indonesia (Persero) Tbk I Tahun 2024,BBNI,2037-11-07T07:00:00,,14036333250.0
884,SMFP07BCN8,Obligasi Berkelanjutan VII Sarana Multigriya Finansial Tahap VIII Tahun 2025 Seri B,SMFP,2028-02-14T07:00:00,idAAA,251255000000.0
907,BMRI01BGNCN2,Obligasi Berwawasan Lingkungan Berkelanjutan I Bank Mandiri Tahap II Tahun 2025 Seri B,BMRI,2028-03-25T07:00:00,idAAA,4500000000000.0
911,PPGD06BCN2,Obligasi Berkelanjutan VI Pegadaian Tahap II Tahun 2025 Seri B,PPGD,2028-05-28T07:00:00,idAAA,2309205000000.0
913,PPGD01BSOCN2,Obligasi Berwawasan Sosial Berkelanjutan I Pegadaian Tahap II Tahun 2025 Seri B,PPGD,2028-05-28T07:00:00,idAAA,985590000000.0
917,SMPPGD03BCN4,Sukuk Mudharabah Berkelanjutan III Pegadaian Tahap IV Tahun 2025 Seri B,PPGD,2028-05-28T07:00:00,idAAA(sy),234720000000.0
929,SMPNMP01CSECN2,Sukuk Mudharabah Berwawasan Sosial Orange Berkelanjutan I PNM Tahap II Tahun 2025 Seri C,PNMP,2030-10-17T07:00:00,idAAA(sy),110000000000.0
930,SMPNMP01ASECN2,Sukuk Mudharabah Berwawasan Sosial Orange Berkelanjutan I PNM Tahap II Tahun 2025 Seri A,PNMP,2026-10-27T07:00:00,idAAA(sy),800000000000.0
931,SMPNMP01BSECN2,Sukuk Mudharabah Berwawasan Sosial Orange Berkelanjutan I PNM Tahap II Tahun 2025 Seri B,PNMP,2028-10-17T07:00:00,idAAA(sy),110000000000.0
947,IIFF02BCN3,Obligasi Berkelanjutan II Indonesia Infrastructure Finance Tahap III Tahun 2025 Seri B,IIFF,2028-11-05T07:00:00,idAAA,625000000000.0
948,IIFF02CCN3,Obligasi Berkelanjutan II Indonesia Infrastructure Finance Tahap III Tahun 2025 Seri C,IIFF,2030-11-05T07:00:00,idAAA,100000000000.0
949,IIFF02ACN3,Obligasi Berkelanjutan II Indonesia Infrastructure Finance Tahap III Tahun 2025 Seri A,IIFF,2026-11-15T07:00:00,idAAA,500000000000.0
950,IIFF02DCN3,Obligasi Berkelanjutan II Indonesia Infrastructure Finance Tahap III Tahun 2025 Seri D,IIFF,2035-11-05T07:00:00,idAAA,275000000000.0
959,SMPPGD01BSOCN3,Sukuk Mudharabah Berwawasan Sosial Berkelanjutan I Pegadaian Tahap III Tahun 2025 Seri B,PPGD,2028-11-13T07:00:00,idAAA(sy),253205000000.0
960,PPGD06ACN4,Obligasi Berkelanjutan VI Pegadaian Tahap IV Tahun 2025 Seri A,PPGD,2026-11-23T07:00:00,idAAA,2700000000000.0
961,SMPPGD01ASOCN3,Sukuk Mudharabah Berwawasan Sosial Berkelanjutan I Pegadaian Tahap III Tahun 2025 Seri A,PPGD,2026-11-23T07:00:00,idAAA(sy),1300000000000.0
962,PPGD06BCN4,Obligasi Berkelanjutan VI Pegadaian Tahap IV Tahun 2025 Seri B,PPGD,2028-11-13T07:00:00,idAAA,521435000000.0
965,SMPNMP07X5V,Sukuk Mudharabah Jangka Menengah VII PT Permodalan Nasional Madani Tahun 2025 Tahap V,PNMP,2028-11-25T07:00:00,idAAA(sy),650000000000.0
970,SMII04ACN4,Obligasi Berkelanjutan IV Sarana Multi Infrastruktur Tahap IV Tahun 2025 Seri A,SMII,2026-12-07T07:00:00,idAAA,800000000000.0
971,SMII04BCN4,Obligasi Berkelanjutan IV Sarana Multi Infrastruktur Tahap IV Tahun 2025 Seri B,SMII,2028-11-27T07:00:00,idAAA,1700000000000.0
982,POLI01ASL,Obligasi Terkait Keberlanjutan I Pollux Hotels Group Tahun 2025 Seri A,POLI,2028-12-10T07:00:00,idAAA(cg),55000000000.0
986,POLI01BSL,Obligasi Terkait Keberlanjutan I Pollux Hotels Group Tahun 2025 Seri B,POLI,2030-12-10T07:00:00,idAAA(cg),445000000000.0
999,BMRI01ASLCN1,Obligasi Keberlanjutan Berkelanjutan I Bank Mandiri Tahap I Tahun 2025 Seri A,BMRI,2026-12-29T07:00:00,idAAA,1000000000000.0
1002,BMRI01CSLCN1,Obligasi Keberlanjutan Berkelanjutan I Bank Mandiri Tahap I Tahun 2025 Seri C,BMRI,2030-12-19T07:00:00,idAAA,2000000000000.0
1007,TPR-BBRI05XXJP,LTN Yang Dilakukan Tanpa Melalui Penawaran Umum PT Bank Rakyat Indonesia (Persero) Tbk V Tahun 2025,BBRI,2039-03-06T07:00:00,,33809212500.0
1019,PNMP01ASECN2,Obligasi Berwawasan Sosial Orange Berkelanjutan I PNM Tahap II Tahun 2026 Seri A,PNMP,2029-01-14T07:00:00,idAAA,250000000000.0
1020,SMPNMP01CSECN3,Sukuk Mudharabah Berwawasan Sosial Orange Berkelanjutan I PNM Tahap III Tahun 2026 Seri C,PNMP,2031-01-14T07:00:00,idAAA(sy),600000000000.0
1021,PNMP01BSECN2,Obligasi Berwawasan Sosial Orange Berkelanjutan I PNM Tahap II Tahun 2026 Seri B,PNMP,2031-01-14T07:00:00,idAAA,250000000000.0
1022,SMPNMP01BSECN3,Sukuk Mudharabah Berwawasan Sosial Orange Berkelanjutan I PNM Tahap III Tahun 2026 Seri B,PNMP,2029-01-14T07:00:00,idAAA(sy),600000000000.0
1023,SMPNMP01ASECN3,Sukuk Mudharabah Berwawasan Sosial Orange Berkelanjutan I PNM Tahap III Tahun 2026 Seri A,PNMP,2027-01-24T07:00:00,idAAA(sy),300000000000.0
1046,ISSP01ASL,Obligasi Terkait Keberlanjutan I SPINDO Tahun 2024 Seri A,ISSP,2027-07-09T07:00:00,idAAA(cg),33780000000.0
1047,ISSP01CSL,Obligasi Terkait Keberlanjutan I SPINDO Tahun 2024 Seri C,ISSP,2031-07-09T07:00:00,idAAA(cg),200000000000.0
1054,ISSP01BSL,Obligasi Terkait Keberlanjutan I SPINDO Tahun 2024 Seri B,ISSP,2029-07-09T07:00:00,idAAA(cg),766220000000.0
1058,SMPNMP01BCN3,Sukuk Mudharabah Berkelanjutan I PNM Tahap III Tahun 2024 Seri B,PNMP,2027-07-12T07:00:00,idAAA(sy),1330940000000.0
1079,SMFP07CCN6,Obligasi Berkelanjutan VII Sarana Multigriya Finansial Tahap VI Tahun 2024 Seri C,SMFP,2027-08-27T07:00:00,idAAA,728254000000.0
1080,SMFP07BCN6,Obligasi Berkelanjutan VII Sarana Multigriya Finansial Tahap VI Tahun 2024 Seri B,SMFP,2026-08-27T07:00:00,idAAA,192195000000.0
1107,SMPNMP06X2V,Sukuk Mudharabah Jangka Menengah VI PT Permodalan Nasional Madani Tahun 2024 Tahap II,PNMP,2027-10-11T07:00:00,idAAA(sy),262000000000.0
1109,IIFF02BCN2,Obligasi Berkelanjutan II Indonesia Infrastructure Finance Tahap II Tahun 2024 Seri B,IIFF,2027-10-25T07:00:00,idAAA,250000000000.0
1110,IIFF02CCN2,Obligasi Berkelanjutan II Indonesia Infrastructure Finance Tahap II Tahun 2024 Seri C,IIFF,2031-10-25T07:00:00,idAAA,300000000000.0
1112,IIFF02DCN2,Obligasi Berkelanjutan II Indonesia Infrastructure Finance Tahap II Tahun 2024 Seri D,IIFF,2034-10-25T07:00:00,idAAA,250000000000.0
1126,SMPNMP06X3V,Sukuk Mudharabah Jangka Menengah VI PT Permodalan Nasional Madani Tahun 2024 Tahap III,PNMP,2027-11-26T07:00:00,idAAA(sy),110000000000.0
1128,SMFP01SOCN4,Obligasi Berwawasan Sosial Berkelanjutan I Sarana Multigriya Finansial Tahap IV Tahun 2024,SMFP,2029-11-26T07:00:00,idAAA,1200000000000.0
1129,SMFP07BCN7,Obligasi Berkelanjutan VII Sarana Multigriya Finansial Tahap VII Tahun 2024 Seri B,SMFP,2026-11-26T07:00:00,idAAA,153005000000.0
1130,SMFP07CCN7,Obligasi Berkelanjutan VII Sarana Multigriya Finansial Tahap VII Tahun 2024 Seri C,SMFP,2027-11-26T07:00:00,idAAA,794005000000.0
1132,PNMP01CSECN3,Obligasi Berwawasan Sosial Orange Berkelanjutan I PNM Tahap III Tahun 2026 Seri C,PNMP,2029-04-21T07:00:00,idAAA,279065000000.0
1133,SMPNMP01ASECN4,Sukuk Mudharabah Berwawasan Sosial Orange Berkelanjutan I PNM Tahap IV Tahun 2026 Seri A,PNMP,2027-05-01T07:00:00,idAAA(sy),540605000000.0
1134,SMPNMP01BSECN4,Sukuk Mudharabah Berwawasan Sosial Orange Berkelanjutan I PNM Tahap IV Tahun 2026 Seri B,PNMP,2028-04-21T07:00:00,idAAA(sy),25700000000.0
1135,SMPNMP01CSECN4,Sukuk Mudharabah Berwawasan Sosial Orange Berkelanjutan I PNM Tahap IV Tahun 2026 Seri C,PNMP,2029-04-21T07:00:00,idAAA(sy),155120000000.0
1136,SMII01ASLCN2,Obligasi Keberlanjutan Berkelanjutan I Sarana Multi Infrastruktur Tahap II Tahun 2026 Seri A,SMII,2027-05-16T07:00:00,idAAA,72128000000.0
1137,SMII01BSLCN2,Obligasi Keberlanjutan Berkelanjutan I Sarana Multi Infrastruktur Tahap II Tahun 2026 Seri B,SMII,2029-05-06T07:00:00,idAAA,77872000000.0
1168,ISSP03ACN1,Obligasi Berkelanjutan III SPINDO Tahap I Tahun 2026 Seri A,ISSP,2027-06-19T07:00:00,idA,31580000000.0
1169,ISSP03CCN1,Obligasi Berkelanjutan III SPINDO Tahap I Tahun 2026 Seri C,ISSP,2031-06-12T07:00:00,idA,43840000000.0
1170,ISSP03BCN1,Obligasi Berkelanjutan III SPINDO Tahap I Tahun 2026 Seri B,ISSP,2029-06-12T07:00:00,idA,26030000000.0
1173,SIISSP03ACN1,Sukuk Ijarah Berkelanjutan III SPINDO Tahap I Tahun 2026 Seri A,ISSP,2027-06-19T07:00:00,idA(sy),36210000000.0
1174,SIISSP03BCN1,Sukuk Ijarah Berkelanjutan III SPINDO Tahap I Tahun 2026 Seri B,ISSP,2029-06-12T07:00:00,idA(sy),65000000.0
1175,SIISSP03CCN1,Sukuk Ijarah Berkelanjutan III SPINDO Tahap I Tahun 2026 Seri C,ISSP,2031-06-12T07:00:00,idA(sy),22275000000.0
1206,SMFP08ACN2,Obligasi Berkelanjutan VIII Sarana Multigriya Finansial Tahap II Tahun 2026 Seri A,SMFP,2027-03-09T07:00:00,idAAA,995000000000.0
1207,SKSMFP02CN2,Sukuk Musyarakah Berkelanjutan II Sarana Multigriya Finansial Tahap II Tahun 2026,SMFP,2027-03-09T07:00:00,idAAA(sy),808065000000.0
1208,SMFP08BCN2,Obligasi Berkelanjutan VIII Sarana Multigriya Finansial Tahap II Tahun 2026 Seri B,SMFP,2028-02-27T07:00:00,idAAA,1010000000000.0
1218,SMPNMP07X11V,Sukuk Mudharabah Jangka Menengah VII PT Permodalan Nasional Madani Tahun 2025 Tahap XI,PNMP,2028-11-25T07:00:00,idAAA(sy),350000000000.0
1227,BBRI01BSOCN2,Obligasi Berwawasan Sosial Berkelanjutan I Bank BRI Tahap II Tahun 2026 Seri B,BBRI,2029-03-17T07:00:00,idAAA,2666255000000.0
1228,BBRI01ASOCN2,Obligasi Berwawasan Sosial Berkelanjutan I Bank BRI Tahap II Tahun 2026 Seri A,BBRI,2027-03-27T07:00:00,idAAA,1236245000000.0
1229,BBRI01CSOCN2,Obligasi Berwawasan Sosial Berkelanjutan I Bank BRI Tahap II Tahun 2026 Seri C,BBRI,2031-03-17T07:00:00,idAAA,1097500000000.0
1257,TPR-BBNI02XXJP,LTN Yang Dilakukan Tanpa Melalui Penawaran Umum PT Bank Negara Indonesia (Persero) Tbk II Tahun 2026,BBNI,2037-10-09T07:00:00,,1901617500.0
1260,BJBR01ASLCN2,Obligasi Keberlanjutan Berkelanjutan I Bank BJB Tahap II Tahun 2026 Seri A,BJBR,2029-04-15T07:00:00,idAA,691340000000.0
1261,BJBR01BSLCN2,Obligasi Keberlanjutan Berkelanjutan I Bank BJB Tahap II Tahun 2026 Seri B,BJBR,2031-04-15T07:00:00,idAA,241075000000.0
1262,PNMP01ASECN3,Obligasi Berwawasan Sosial Orange Berkelanjutan I PNM Tahap III Tahun 2026 Seri A,PNMP,2027-05-01T07:00:00,idAAA,709505000000.0
1263,PNMP01BSECN3,Obligasi Berwawasan Sosial Orange Berkelanjutan I PNM Tahap III Tahun 2026 Seri B,PNMP,2028-04-21T07:00:00,idAAA,25005000000.0
1267,PNMP04CCN1,Obligasi Berkelanjutan IV PNM Tahap I Tahun 2021 Seri C,PNMP,2026-12-10T07:00:00,idAAA,1000000000000.0
1325,BJBR03BSBCN2,Obligasi Subordinasi Berkelanjutan III Bank BJB Tahap II Tahun 2022 Seri B,BJBR,2029-06-09T07:00:00,idA+,600090000000.0
1326,BBNI01BGN,Obligasi Green Bond I PT Bank Negara Indonesia (Persero) Tbk. Tahun 2022 Seri B,BBNI,2027-06-21T07:00:00,idAAA,1000000000000.0
1328,BJBR03ASBCN2,Obligasi Subordinasi Berkelanjutan III Bank BJB Tahap II Tahun 2022 Seri A,BJBR,2027-06-09T07:00:00,idA+,399910000000.0
1334,SMPNMP01CSECN1,Sukuk Mudharabah Berwawasan Sosial Orange Berkelanjutan I PNM Tahap I Tahun 2025 Seri C,PNMP,2030-07-08T07:00:00,idAAA(sy),610005000000.0
1345,SMPNMP07X2V,Sukuk Mudharabah Jangka Menengah VII PT Permodalan Nasional Madani Tahun 2025 Tahap II,PNMP,2026-07-27T07:00:00,idAAA(sy),100000000000.0
1369,PPGD06BCN3,Obligasi Berkelanjutan VI Pegadaian Tahap III Tahun 2025 Seri B,PPGD,2028-09-03T07:00:00,idAAA,362005000000.0
1370,PPGD06ACN3,Obligasi Berkelanjutan VI Pegadaian Tahap III Tahun 2025 Seri A,PPGD,2026-09-13T07:00:00,idAAA,1869775000000.0
1372,SMPNMP07X3V,Sukuk Mudharabah Jangka Menengah VII PT Permodalan Nasional Madani Tahun 2025 Tahap III,PNMP,2026-09-14T07:00:00,idAAA(sy),85000000000.0
1378,TPR-BBRI04XXJP,LTN Yang Dilakukan Tanpa Melalui Penawaran Umum PT Bank Rakyat Indonesia (Persero) Tbk IV Tahun 2024,BBRI,2038-01-16T07:00:00,,81271555499.0
1384,SMPPGD03BCN5,Sukuk Mudharabah Berkelanjutan III Pegadaian Tahap V Tahun 2025 Seri B,PPGD,2028-09-03T07:00:00,idAAA(sy),165005000000.0
1385,SMPPGD03ACN5,Sukuk Mudharabah Berkelanjutan III Pegadaian Tahap V Tahun 2025 Seri A,PPGD,2026-09-13T07:00:00,idAAA(sy),1454130000000.0
1406,SMFP06CN3,Obligasi Berkelanjutan VI Sarana Multigriya Finansial Tahap III Tahun 2022,SMFP,2027-09-21T07:00:00,idAAA,3000000000000.0
1412,BMRISB02XXMF,MTN Subordinasi II PT Bank Mandiri (Persero) Tbk Tahun 2023,BMRI,2028-06-23T07:00:00,idAA,100000000000.0
1413,TPR-SMBRIS01X1JP,Sukuk Mudharabah Muqayadah Jangka Panjang Yang Dilakukan Tanpa Melalui Penawaran Umum I PT Bank BSI Tbk Tahun 2023 Tahap I,BRIS,2035-12-26T07:00:00,,3758737500.0
1414,MICK06CN41,Obligasi Berkelanjutan VI Sarana Multigriya Finansial Tahap IV Tahun 2023,SMFP,2028-02-22T07:00:00,,2000000000000.0
1436,BMRI01AGNCN1,Obligasi Berwawasan Lingkungan Berkelanjutan I Bank Mandiri Tahap I Tahun 2023 Seri A,BMRI,2026-07-04T07:00:00,idAAA,1950000000000.0
1437,BBRI04SB,Obligasi Subordinasi IV Bank BRI Tahun 2023,BBRI,2028-07-06T07:00:00,idAA,500000000000.0
