IssuerCode,n_bonds,total_outstanding_triliun,priority_tier,batch,green_name_hint,social_name_hint,sample_bond_names
PPLN,63,21.229,1,1,,,Sukuk Ijarah Berkelanjutan III PLN Tahap III Tahun 2019 Seri | Sukuk Ijarah Berkelanjutan III PLN Tahap III Tahun 2019 Seri
WIKA,27,10.276,1,1,,,Obligasi Berkelanjutan I Wijaya Karya Tahap I Tahun 2020 Ser | Sukuk Mudharabah Berkelanjutan I Wijaya Karya Tahap I Tahun 
WSKT,9,8.402,1,1,,,Obligasi Berkelanjutan IV Waskita Karya Tahap I Tahun 2020 | Obligasi III Waskita Karya Tahun 2021 Seri A
JSMR,12,4.623,1,1,,,Obligasi Berkelanjutan II Jasa Marga Tahap I Tahun 2020 Seri | Obligasi Berkelanjutan II Jasa Marga Tahap I Tahun 2020 Seri
ISAT,14,3.689,1,1,,,Sukuk Ijarah Berkelanjutan III Indosat Tahap II Tahun 2019 S | Obligasi Berkelanjutan III Indosat Tahap II Tahun 2019 Seri 
TLKM,2,2.7,1,1,,,Obligasi Berkelanjutan I Telkom Tahap I Tahun 2015 Seri C | Obligasi Berkelanjutan I Telkom Tahap I Tahun 2015 Seri D
ADHI,3,2.567,1,1,,,Obligasi Berkelanjutan IV Adhi Karya Tahap I Tahun 2024 | Obligasi Berkelanjutan III Adhi Karya Tahap III Tahun 2022 S
PTPP,7,2.525,1,1,,,Sukuk Mudharabah Berkelanjutan I PTPP Tahap I Tahun 2021 Ser | Obligasi Berkelanjutan III PTPP Tahap I Tahun 2021 Seri B
EXCL,11,2.171,1,1,,,Sukuk Ijarah Berkelanjutan II XL Axiata Tahap I Tahun 2018 S | Obligasi Berkelanjutan I XL Axiata Tahap I Tahun 2018 Seri E
TELE,3,0.841,1,1,,,Obligasi Berkelanjutan II Tiphone Tahap II Tahun 2019 | Obligasi Berkelanjutan I Tiphone Tahap III Tahun 2017 Seri B
PTPN,1,0.445,1,1,,,MTN II PTPN V Tahun 2021
PLTM,3,0.216,1,1,,,Sukuk Ijarah II Polytama Propindo Tahun 2021 Seri B | Obligasi II Polytama Propindo Tahun 2021 Seri B
ADMF,34,11.76,2,2,,,Obligasi Berkelanjutan VI Adira Finance Tahap V Tahun 2025 S | Obligasi Berkelanjutan VII Adira Finance Tahap I Tahun 2025 
PNBN,7,9.922,2,2,,,Obligasi Subordinasi Berkelanjutan IV Bank Panin Tahap I Tah | Obligasi Berkelanjutan IV Bank Panin Tahap I Tahun 2024
TBIG,18,9.652,2,2,Ya,,Obligasi Berkelanjutan VII Tower Bersama Infrastructure Taha | Sukuk Ijarah Berkelanjutan I Tower Bersama Infrastructure Ta
MEDC,14,7.766,2,2,Ya,,Obligasi Berkelanjutan VI Medco Energi Internasional Tahap I | Obligasi Berkelanjutan IV Medco Energi Internasional Tahap I
IMFI,12,5.738,2,2,,,Obligasi Berkelanjutan VI Indomobil Finance Dengan Tingkat B | Obligasi Berkelanjutan VI Indomobil Finance Dengan Tingkat B
BVIC,9,3.66,2,2,,,Obligasi Berkelanjutan IV Bank Victoria Tahap I Tahun 2025 | Obligasi Subordinasi Berkelanjutan II Bank Victoria Tahap I 
BSDE,14,3.14,2,2,,,Sukuk Ijarah Berkelanjutan II Bumi Serpong Damai Tahap I Tah | Obligasi Berkelanjutan IV Bumi Serpong Damai Tahap I Tahun 2
WOMF,5,3.12,2,2,,,Obligasi Berkelanjutan V WOM Finance Tahap II Tahun 2025 Ser | Obligasi Berkelanjutan V WOM Finance Tahap II Tahun 2025 Ser
SMRA,7,3.0,2,2,,,Obligasi Berkelanjutan IVSummarecon Agung Tahap ITahun 2022 | Obligasi Berkelanjutan IV Summarecon Agung Tahap III Tahun 2
BTPN,6,2.568,2,2,,,Obligasi Berkelanjutan V Bank BTPN Tahap I Tahun 2024 Seri B | Obligasi Berkelanjutan V Bank BTPN Tahap I Tahun 2024 Seri A
ENRG,8,2.15,2,2,Ya,,Obligasi Berkelanjutan I Energi Mega Persada Tahap II Tahun  | Obligasi Berkelanjutan I Energi Mega Persada Tahap II Tahun 
BJTM,2,2.0,2,2,,,Obligasi Berkelanjutan I Bank Jatim Tahap I Tahun 2025 Seri  | Obligasi Berkelanjutan I Bank Jatim Tahap I Tahun 2025 Seri 
TOBA,9,1.632,2,2,Ya,,Sukuk Wakalah Jangka Panjang Yang Dilakukan Tanpa Melalui Pe | Obligasi I TBS Energi Utama Tahun 2023 Seri B
NISP,3,1.5,2,2,,,Obligasi Berkelanjutan IV OCBC Tahap I Tahun 2025 Seri B | Obligasi Berkelanjutan IV OCBC Tahap I Tahun 2025 Seri C
BFIN,5,1.5,2,2,,,Obligasi Berkelanjutan VI BFI Finance Indonesia Tahap II Tah | Obligasi Berkelanjutan VI BFI Finance Indonesia Tahap II Tah
RMKE,4,1.0,2,2,Ya,,Obligasi Berkelanjutan I RMK Energy Tahap I Tahun 2025 Seri  | Obligasi Berkelanjutan I RMK Energy Tahap II Tahun 2026 Seri
RATU,4,0.8,2,2,Ya,,Sukuk Wakalah I Raharja Energi Cepu Tahun 2026 Seri B | Sukuk Wakalah I Raharja Energi Cepu Tahun 2026 Seri A
EMIN,2,0.8,2,2,Ya,,Obligasi Energi Mitra Investama I Tahun 2022 Seri B | Obligasi Energi Mitra Investama I Tahun 2022 Seri A
BCAP,10,0.569,2,2,,,Obligasi Berkelanjutan V MNC Kapital Indonesia Tahap II Tahu | Obligasi Berkelanjutan V MNC Kapital Indonesia Tahap II Tahu
BSIM,1,0.5,2,2,,,Obligasi Subordinasi Berkelanjutan I Bank Sinarmas Tahap I T
SGER,6,0.46,2,2,Ya,,Obligasi Berkelanjutan I Sumber Global Energy Tahap II Tahun | Obligasi Berkelanjutan I Sumber Global Energy Tahap II Tahun
BNII,2,0.4,2,2,,,Obligasi Berkelanjutan II Bank Maybank Indonesia Tahap I Tah | Obligasi Berkelanjutan IV Bank Maybank Indonesia Tahap I Tah
IATA,4,0.4,2,2,Ya,,Sukuk Wakalah Berkelanjutan I MNC Energy Investments Tahap I | Sukuk Wakalah Berkelanjutan I MNC Energy Investments Tahap I
BJBS,2,0.3,2,2,,,Sukuk Wakalah Bi Al-Istitsmar Subordinasi I Bank BJB Syariah | Sukuk Wakalah Bi Al-Istitsmar Subordinasi I Bank BJB Syariah
DART,2,0.3,2,2,,,Obligasi Berkelanjutan IV Duta Anggada Realty Tahap I Tahun  | Obligasi Berkelanjutan IV Duta Anggada Realty Tahap I Tahun 
PACK,1,0.181,2,3,Ya,,Obligasi Wajib Konversi Abadi Nusantara Hijau Investama I Ta
BBCA,1,0.065,2,3,,,Obligasi Subordinasi Berkelanjutan I Bank Central Asia Tahap
MEGA,1,0.05,2,3,,,MTN Subordinasi PT Bank Mega Tbk Tahun 2025
AGRO,1,0.0,2,3,,,Obligasi untuk skenario When Issued
PRAS,1,100.0,3,4,,,X
DNTR-M,6,68.382,3,4,,,Surat Utang Jangka Panjang Yang Ditawarkan Tanpa Melalui Pen | Surat Utang Jangka Panjang Yang Ditawarkan Tanpa Melalui Pen
INKP,89,36.563,3,4,,,Obligasi Berkelanjutan V Indah Kiat Pulp & Paper Tahap IV Ta | Obligasi Berkelanjutan V Indah Kiat Pulp & Paper Tahap IV Ta
MBMA,24,18.494,3,4,,,Sukuk Mudharabah Berkelanjutan I Merdeka Battery Materials T | Sukuk Mudharabah Berkelanjutan I Merdeka Battery Materials T
LPPI,32,16.012,3,4,,,Obligasi Berkelanjutan I Lontar Papyrus Pulp & Paper Industr | Obligasi Berkelanjutan II Lontar Papyrus Pulp & Paper Indust
TPIA,25,12.376,3,4,,,Obligasi Berkelanjutan III Chandra Asri Petrochemical Tahap  | Obligasi Berkelanjutan III Chandra Asri Petrochemical Tahap 
MDKA,8,10.92,3,4,,,Obligasi Berkelanjutan V Merdeka Copper Gold Tahap II Tahun  | Obligasi Berkelanjutan III Merdeka Copper Gold Tahap III Tah
ASDF,15,10.785,3,4,,,Obligasi Berkelanjutan VII Astra Sedaya Finance Tahap I Tahu | Obligasi Berkelanjutan VII Astra Sedaya Finance Tahap I Tahu
FIFA,11,9.183,3,4,,,Obligasi Berkelanjutan VII Federal International Finance Tah | Obligasi Berkelanjutan VI Federal International Finance Taha
PIDL,22,8.073,3,4,,,Sukuk Mudharabah Berkelanjutan I Pindo Deli Pulp And Paper M | Sukuk Mudharabah Berkelanjutan I Pindo Deli Pulp And Paper M
PTHK,11,7.879,3,4,,,Obligasi Berkelanjutan II Hutama Karya Tahap I Tahun 2021 Se | Obligasi Berkelanjutan II Hutama Karya Tahap I Tahun 2021 Se
WISL,14,7.278,3,4,,,Obligasi Berkelanjutan I Wahana Inti Selaras Tahap I Tahun 2 | Obligasi I Wahana Inti Selaras Tahun 2022 Seri C
KAII,21,7.1,3,4,,,Obligasi II Kereta Api Indonesia Tahun 2019 Seri B | Obligasi Berkelanjutan II Kereta Api Indonesia Tahap II Tahu
SMMA,9,7.097,3,4,,,Obligasi Berkelanjutan II Sinar Mas Multiartha Tahap II Tahu | Obligasi Berkelanjutan II Sinar Mas Multiartha Tahap III Tah
DSSA,15,6.512,3,4,,,Obligasi Berkelanjutan I Dian Swastatika Sentosa Tahap I Tah | Sukuk Mudharabah Berkelanjutan I Dian Swastatika Sentosa Tah
TUFI,12,5.747,3,4,,,Obligasi Berkelanjutan VII Mandiri Tunas Finance Tahap I Tah | Obligasi Berkelanjutan VII Mandiri Tunas Finance Tahap I Tah
IJEE,12,5.046,3,4,,,Obligasi II Integrasi Jaringan Ekosistem Tahun 2025 Seri B | Obligasi II Integrasi Jaringan Ekosistem Tahun 2025 Seri A
BRPT,11,4.701,3,4,,,Obligasi Berkelanjutan III Barito Pacific Tahap I Tahun 2023 | Obligasi Berkelanjutan III Barito Pacific Tahap I Tahun 2023
TAFS,11,4.374,3,4,,,Obligasi Berkelanjutan IV Toyota Astra Financial Services Ta | Obligasi Berkelanjutan V Toyota Astra Financial Services Tah
BUMI,10,4.304,3,4,,,Obligasi Berkelanjutan I Bumi Tahap I Tahun 2025 Seri C | Obligasi Berkelanjutan I Bumi Tahap I Tahun 2025 Seri B
BEXI,8,4.046,3,4,,,Obligasi Berkelanjutan Indonesia Eximbank IV Tahap IV Tahun  | Obligasi Berkelanjutan Indonesia Eximbank IV Tahap IV Tahun 
APAI,12,3.96,3,4,,,Sukuk Ijarah Berkelanjutan I Angkasa Pura I Tahap I Tahun 20 | Obligasi Berkelanjutan I Angkasa Pura I Tahap I Tahun 2021 S
MYOR,9,3.868,3,4,,,Obligasi Berkelanjutan II Mayora Indah Tahap I Tahun 2020 Se | Obligasi Berkelanjutan III Mayora Indah Tahap II Tahun 2025 
SMAR,9,3.835,3,4,,,Sukuk Ijarah Berkelanjutan I SMART Tahap I Tahun 2025 | Obligasi Berkelanjutan V SMART Tahap I Tahun 2025
ARMA,3,3.833,3,4,,,Sukuk Mudharabah Berkelanjutan I Armadian Tritunggal Tahap I | Sukuk Mudharabah Berkelanjutan I Armadian Tritunggal Tahap I
BMTR,26,3.758,3,5,,,Obligasi Berkelanjutan II Global Mediacom Tahap II Tahun 202 | Sukuk Ijarah Berkelanjutan II Global Mediacom Tahap II Tahun
BBKP,8,3.538,3,5,,,Obligasi Subordinasi Berkelanjutan IV KB Bank Tahap I Tahun  | Obligasi Subordinasi Berkelanjutan III Bank KB Bukopin Tahap
SANF,7,3.353,3,5,,,Obligasi Berkelanjutan V SANF Dengan Tingkat Bunga Tetap Tah | Obligasi Berkelanjutan V SANF Dengan Tingkat Bunga Tetap Tah
PALM,13,3.325,3,5,,,Obligasi Berkelanjutan II Provident Investasi Bersama Tahap  | Obligasi Berkelanjutan II Provident Investasi Bersama Tahap 
BOLD,9,3.304,3,5,,,Sukuk Ijarah I BUMA Tahun 2025 Seri C | Sukuk Ijarah I BUMA Tahun 2025 Seri B
CNAF,6,3.09,3,5,,,Sukuk Wakalah Bi Al-Istitsmar Berkelanjutan I CIMB Niaga Aut | Sukuk Wakalah Bi Al-Istitsmar Berkelanjutan I CIMB Niaga Aut
BMTP,4,3.0,3,5,,,Obligasi Berkelanjutan II Bank Mandiri Taspen Tahap I Tahun  | Obligasi Berkelanjutan II Bank Mandiri Taspen Tahap I Tahun 
CUAN,8,3.0,3,5,,,Obligasi Berkelanjutan I Petrindo Jaya Kreasi Tahap I Tahun  | Sukuk Wakalah Berkelanjutan I Petrindo Jaya Kreasi Tahap I T
APIA,3,2.959,3,5,,,Obligasi Berkelanjutan I Angkasa Pura II Tahap II Tahun 2020 | Obligasi I Angkasa Pura II Tahun 2016 Seri C
PTRO,12,2.92,3,5,,,Sukuk Ijarah Berkelanjutan I Petrosea Tahap I Tahun 2024 Ser | Obligasi Berkelanjutan I Petrosea Tahap I Tahun 2024 Seri D
BESL-M,8,2.87,3,5,,,LTN I PT Bintang Express Sarana Tahun 2024 Tahap II | LTN I PT Bintang Express Sarana Tahun 2024 Tahap IV
BAFI,6,2.758,3,5,,,Obligasi Berkelanjutan II Bussan Auto Finance Tahap IV Tahun | Obligasi Berkelanjutan III Bussan Auto Finance Tahap II Tahu
MEDP,10,2.75,3,5,,,Obligasi Berkelanjutan I Medco Power Indonesia Tahap I Tahun | Obligasi Berkelanjutan I Medco Power Indonesia Tahap I Tahun
TRIM,10,2.361,3,5,,,Obligasi Berkelanjutan II Trimegah Sekuritas Indonesia Tahap | Obligasi Berkelanjutan II Trimegah Sekuritas Indonesia Tahap
OTMA,8,2.306,3,5,,,Obligasi Berkelanjutan I Oto Multiartha Tahap III Tahun 2025 | Obligasi Berkelanjutan I Oto Multiartha Tahap III Tahun 2025
WSBP,4,2.177,3,5,,,Obligasi Waskita Beton Precast I Tahun 2022 | Obligasi Wajib Konversi Waskita Beton Precast II Tahun 2023
PPAP,3,2.106,3,5,,,Obligasi I Perusahaan Pengelola Aset Tahun 2020 Seri C | Sukuk Wakalah BI AL-ISTITSMAR Jangka Panjang TPU I PT Perusa
BPUI-M,1,2.0,3,5,,,MTN I PT Bahana Pembinaan Usaha Indonesia (Persero) Tahun 20
INJH-M,1,2.0,3,5,,,Sukuk Wakalah Bi Al-Istitsmar Jangka Panjang Yang Dilakukan 
BBMI,1,2.0,3,5,,,Sukuk Subordinasi Mudharabah Jangka Panjang Tanpa Penawaran 
POST,7,1.9,3,5,,,Obligasi I Pos Indonesia Tahun 2022 Seri B | Sukuk Ijarah Berkelanjutan I Pos Indonesia Tahap I Tahun 202
PRNS-M,9,1.81,3,5,,,Surat Utang Jangka Panjang Yang Ditawarkan Melalui Penawaran | Surat Utang Jangka Panjang Yang Ditawarkan Melalui Penawaran
HIFI,6,1.58,3,5,,,Obligasi III Hino Finance Indonesia Tahun 2024 Seri B | Obligasi II Hino Finance Indonesia Tahun 2023 Seri B
SMDR,3,1.539,3,5,,,Sukuk Ijarah Berkelanjutan I Samudera Indonesia Tahap II Tah | Sukuk Ijarah Berkelanjutan I Samudera Indonesia Tahap I Tahu
SOFN,3,1.5,3,5,,,Obligasi I Summit Oto Finance Tahun 2025 Seri B | Obligasi I Summit Oto Finance Tahun 2025 Seri A
NITA,3,1.5,3,6,,,Obligasi I Nirmala Taruna Tahun 2023 Seri B | Obligasi I Nirmala Taruna Tahun 2023 Seri A
BBIA,5,1.45,3,6,,,Obligasi Subordinasi Berkelanjutan II Bank UOB Indonesia Tah | Obligasi Subordinasi Berkelanjutan II Bank UOB Indonesia Tah
DNRK,3,1.365,3,6,,,Obligasi VII Danareksa Tahun 2023 Seri B | Obligasi VIII Danareksa Tahun 2023 Seri C
BALI,2,1.354,3,6,,,Sukuk Ijarah Berkelanjutan I Bali Towerindo Sentra Tahap III | Sukuk Ijarah Berkelanjutan I Bali Towerindo Sentra Tahap III
IHCP-M,1,1.328,3,6,,,Efek Bersifat Utang Jangka Menengah Wajib Konversi (Mandator
BIIF,3,1.25,3,6,,,Obligasi Berkelanjutan IV Maybank Finance Tahap II Tahun 202 | Obligasi Berkelanjutan IV Maybank Finance Tahap II Tahun 202
PIHC,2,1.232,3,6,,,Obligasi Berkelanjutan II Pupuk Indonesia Tahap I Tahun 2020 | Obligasi Berkelanjutan II Pupuk Indonesia Tahap II Tahun 202
PYFA,3,1.22,3,6,,,Obligasi Berkelanjutan I Pyridam Farma Tahap III Tahun 2024 | Obligasi Berkelanjutan I Pyridam Farma Tahap I Tahun 2022
NMVC-M,5,1.2,3,6,,,MTN IV PT PNM Venture Capital Tahun 2024 | Medium Term Notes V PT PNM Venture Capital Tahun 2024 Tahap 
TDPM,5,1.123,3,6,,,Obligasi II Tridomain Performance Materials Tahun 2019 | Obligasi I Tridomain Performance Materials Tahun 2018
SMMF,4,1.114,3,6,,,Obligasi Berkelanjutan III Sinar Mas Multifinance Tahap I Ta | Obligasi Berkelanjutan III Sinar Mas Multifinance Tahap II T
ADCP,4,1.101,3,6,,,Obligasi III Adhi Commuter Properti Tahun 2023 Seri A | Obligasi III Adhi Commuter Properti Tahun 2023 Seri B
BRIF,3,1.003,3,6,,,Obligasi II BRI Finance Tahun 2023 Seri B | Obligasi Berkelanjutan I BRI Finance Tahap I Tahun 2025 Seri
HRTA,3,1.0,3,6,,,Obligasi Berkelanjutan II Hartadinata Abadi Tahap II Tahun 2 | Obligasi Berkelanjutan II Hartadinata Abadi Tahap I Tahun 20
INET,4,1.0,3,6,,,Obligasi I Sinergi Inti Andalan Prima Tahun 2026 Seri B | Sukuk Ijarah I Sinergi Inti Andalan Prima Tahun 2026 Seri A
ABLS-M,1,1.0,3,6,,,MTN Asian Bulk Logistics I Tahun 2022
PTPN-M,2,0.9,3,6,,,MTN III PTPN III Tahun 2019 Seri B | MTN III PTPN III Tahun 2019 Seri A
SGRO,6,0.88,3,6,,,Obligasi Berkelanjutan II Sampoerna Agro Tahap I Tahun 2025  | Sukuk Ijarah Berkelanjutan II Sampoerna Agro Tahap I Tahun 2
WKTY-M,2,0.845,3,6,,,MTN VIII Wika Realty Tahun 2019 | MTN IX Wika Realty Tahun 2019
PIKI,1,0.8,3,6,,,Obligasi I Pelindo IV Tahun 2018 Seri C
PPIC-M,2,0.8,3,6,,,MTN Pan Pacific Investama I Tahun 2022 | MTN Pan Pacific Investama II Tahun 2022
BWPT,13,0.789,3,6,,,Sukuk Mudharabah Berkelanjutan I Eagle High Plantations Taha | Obligasi Berkelanjutan I Eagle High Plantations Tahap II Tah
MLJK,2,0.784,3,6,,,Obligasi I Marga Lingkar Jakarta Tahun 2017 Seri E | Obligasi I Marga Lingkar Jakarta Tahun 2017 Seri D
MORA,4,0.768,3,6,,,Sukuk Ijarah Berkelanjutan II Moratelindo Tahap II Tahun 202 | Sukuk Ijarah Berkelanjutan II Moratelindo Tahap II Tahun 202
PRTL,2,0.758,3,6,,,Obligasi Berkelanjutan II Protelindo Tahap II Tahun 2021 Ser | Obligasi Berkelanjutan IV Protelindo Tahap I Tahun 2024 Seri
CARE,2,0.75,3,7,,,Sukuk Wakalah I Metro Healthcare Indonesia Tahun 2025 Seri B | Sukuk Wakalah I Metro Healthcare Indonesia Tahun 2025 Seri A
BSLT,1,0.75,3,7,,,Obligasi Berkelanjutan I Bank SulutGo Tahap I Tahun 2021
NIRO,1,0.75,3,7,,,MTN City Retail Developments I Tahun 2021
CASI-M,1,0.75,3,7,,,MTN Capital Strategic Invesco II Tahun 2022
AGII,12,0.743,3,7,,,Obligasi Berkelanjutan II Aneka Gas Industri Tahap I Tahun 2 | Sukuk Ijarah Berkelanjutan II Aneka Gas Industri Tahap III T
CCIN-M,13,0.65,3,7,,,MTN Crystal Cakrawala Indah I Tahun 2019 Seri A | MTN Crystal Cakrawala Indah I Tahun 2019 Seri B
PNMP-M,1,0.635,3,7,,,Sukuk Mudharabah Jangka Menengah VII PT Permodalan Nasional 
BSSB,1,0.62,3,7,,,Obligasi Berkelanjutan III Bank Sulselbar Tahap I Tahun 2021
AGPU-M,4,0.6,3,7,,,LTN I PT Adhi Guna Putera Tahun 2024 Tahap 2 | MTN I PT Adhi Guna Putera Tahun 2022 Seri A
SMGR,1,0.59,3,7,,,Obligasi Berkelanjutan II Semen Indonesia Tahap I Tahun 2022
MPMF,2,0.58,3,7,,,Obligasi Berkelanjutan I JACCS MPM Finance Indonesia Tahap I | Obligasi Berkelanjutan I JACCS MPM Finance Indonesia Tahap I
FMFN,2,0.568,3,7,,,Obligasi Berkelanjutan I KB Finansia Multi Finance Tahap I T | Obligasi II KB Finansia Multi Finance Tahun 2023 Seri B
TYRO,2,0.55,3,7,,,Obligasi Tamaris Hydro I Tahun 2022 Seri C | Obligasi Tamaris Hydro I Tahun 2022 Seri B
SRAJ,1,0.542,3,7,,,Obligasi I Sejahteraraya Anugrahjaya Tahun 2022 Seri B
PJAA,3,0.503,3,7,,,Obligasi Berkelanjutan III Jaya Ancol Tahap I Tahun 2024 Ser | Obligasi Berkelanjutan III Jaya Ancol Tahap I Tahun 2024 Ser
DWGL,2,0.5,3,7,,,Obligasi I Dwi Guna Laksana Tahun 2025 | MTN PT Dwi Guna Laksana Tbk Tahun 2022
LEND-M,3,0.5,3,7,,,MTN I PT LEN Industri (Persero) Tahun 2023 Tahap I Seri A | MTN I PT LEN Industri (Persero) Tahun 2023 Tahap I Seri B
IKMS-M,1,0.5,3,7,,,MTN INKA Multi Solusi II Tahun 2023
INPP,2,0.5,3,7,,,Obligasi I Indonesian Paradise Property Tahun 2025 Seri B | Obligasi I Indonesian Paradise Property Tahun 2025 Seri A
BANK,1,0.5,3,7,,,Sukuk Wakalah Berkelanjutan I Bank Aladin Syariah Tahap I Ta
DAAZ,2,0.5,3,7,,,Obligasi I Daaz Bara Lestari Tahun 2025 Seri A | Obligasi I Daaz Bara Lestari Tahun 2025 Seri B
KJIE-M,5,0.458,3,7,,,Surat Utang Jangka Panjang Karawang Jabar Industrial Estate  | Surat Utang Jangka Panjang Karawang Jabar Industrial Estate 
TBLA,1,0.425,3,7,,,Obligasi Berkelanjutan II Tunas Baru Lampung Tahap I Tahun 2
LTLS,2,0.42,3,7,,,Obligasi Berkelanjutan III Lautan Luas Tahap II Tahun 2021 S | Obligasi Berkelanjutan IV Lautan Luas Tahap I Tahun 2024
KEID-M,4,0.4,3,7,,,MTN I Kedaung Industrial Seri C | MTN I Kedaung Industrial Seri B
APIC,1,0.4,3,8,,,MTN Pacific Strategic Financial I Tahun 2021
TKIM,1,0.4,3,8,,,Sukuk Mudharabah Jangka Panjang Yang Dilakukan Tanpa Melalui
PPRO,3,0.375,3,8,,,Obligasi Berkelanjutan II PP Properti Tahap I Tahun 2020 Ser | Obligasi Berkelanjutan II PP Properti Tahap III Tahun 2021 S
PTPD-M,2,0.351,3,8,,,MTN VIII PTPN II Seri A | MTN VIII PTPN II Seri B
WSKR-M,3,0.34,3,8,,,MTN III Waskita Karya Realty Tahun 2022 Tahap II | MTN III Waskita Karya Realty Tahun 2022 Tahap III
KAEF,1,0.333,3,8,,,Obligasi Wajib Konversi Kimia Farma I Tahun 2023
BRTA-M,2,0.3,3,8,,,MTN I Barata Indonesia Tahun 2017 Seri A | MTN I Barata Indonesia Tahun 2017 Seri B
REAS-M,1,0.3,3,8,,,MTN Rekapastika Asri I Tahun 2019 Seri A
SMIL,2,0.3,3,8,,,Obligasi I Sarana Mitra Luas Tahun 2024 Seri B | Obligasi I Sarana Mitra Luas Tahun 2024 Seri A
NMVS-M,5,0.285,3,8,,,Sukuk Mudharabah Jangka Menengah V PT PNM Ventura Syariah Ta | Sukuk Mudharabah Jangka Menengah II PT PNM Ventura Syariah T
WPNU-M,4,0.28,3,8,,,MTN Wadhe Putera Nusantara I Tahun 2019 Seri C | MTN Wadhe Putera Nusantara I Tahun 2019 Seri D
VOKS,1,0.25,3,8,,,Obligasi Berkelanjutan II Voksel Electric Tahap I Tahun 2023
BHAT,1,0.25,3,8,,,MTN Bhakti Multi Artha I Tahun 2022
PSAB,2,0.245,3,8,,,Obligasi Berkelanjutan I J Resources Asia Pasifik Tahap VI T | Obligasi Berkelanjutan I J Resources Asia Pasifik Tahap V Ta
KETR,3,0.22,3,8,,,Obligasi Berkelanjutan I Ketrosden Triasmitra Tahap I Tahun  | Obligasi Berkelanjutan I Ketrosden Triasmitra Tahap I Tahun 
GRAF-M,1,0.2,3,8,,,Medium Term Notes II PT Gratama Finance Indonesia Tahun 2025
INPC-M,1,0.2,3,8,,,LTN Subordinasi I Bank Artha Graha Internasional Tahap I Tah
BOGA,1,0.2,3,8,,,MTN Bintang Oto Global I Tahun 2021
SMAG-M,2,0.2,3,8,,,MTN I Sari Murni Abadi Tahun 2022 Tahap I | MTN I Sari Murni Abadi Tahun 2022 Tahap II
GDLI-M,4,0.2,3,8,,,MTN III PT Gading Danalestari Tahun 2025 Tahap III | MTN III PT Gading Danalestari Tahun 2025 Tahap I
REFI,1,0.2,3,8,,,Obligasi I REFI Tahun 2022 Seri C
COCO,2,0.2,3,8,,,MTN Wahana Interfood Nusantara I Tahun 2022 Tahap I | MTN PT Wahana Interfood Nusantara Tbk I Tahun 2023 Tahap II
MBPS-M,1,0.18,3,8,,,MTN I PT Baliprada Segara Tahun 2026
IHSG-M,1,0.18,3,8,,,MTN II PT Intisumber Hasil Sempurna Global Tahun 2025
MNMN-M,2,0.17,3,8,,,MTN II PT Mitra Niaga Madani Tahun 2024 Tahap I | MTN II PT Mitra Niaga Madani Tahun 2024 Tahap II
CMTA-M,3,0.162,3,9,,,MTN II PT Cometa Can Tahun 2023 Tahap I | MTN II PT Cometa Can Tahun 2023 Tahap II
AMCF,1,0.16,3,9,,,EBA Avrist AM CF 01 Tagihan Spaylater Kelas A
MBMN-M,2,0.15,3,9,,,MTN I PT Mitra Bisnis Madani Tahun 2024 Tahap II | MTN I PT Mitra Bisnis Madani Tahun 2024 Tahap I
MSTJ-M,3,0.15,3,9,,,Medium Term Notes II PT Multi Sandang Tamajaya Tahun 2024 Ta | Medium Term Notes II PT Multi Sandang Tamajaya Tahun 2024 Ta
SMPN-M,3,0.11,3,9,,,MTN II PT Sawitmas Parenggean Tahun 2024 Tahap I | MTN II PT Sawitmas Parenggean Tahun 2024 Tahap II
PPRE,1,0.101,3,9,,,Obligasi Berkelanjutan I PP Presisi Tahap I Tahun 2022 Seri 
WOOD,2,0.078,3,9,,,Sukuk Mudharabah Berkelanjutan I Integra Indocabinet Tahap I | Obligasi Berkelanjutan I Integra Indocabinet Tahap II Tahun 
SPPR-M,1,0.07,3,9,,,MTN I PT Sinergi Properti Pratama Tahun 2025 Tahap 1
HEAL,1,0.063,3,9,,,Obligasi Berkelanjutan I Medikaloka Hermina Tahap II Tahun 2
PIGN,1,0.05,3,9,,,Obligasi I Pelindo I Gerbang Nusantara Tahun 2016 Seri D
MPLC-M,1,0.05,3,9,,,MTN I PT Mitra Prima Lancar Tahun 2025 Tahap I
WMPP-M,1,0.045,3,9,,,MTN PT Widodo Makmur Perkasa Tbk Tahun 2023 Tahap I
INTN-M,2,0.041,3,9,,,MTN Intan I Tahun 2019 Seri A | MTN Intan I Tahun 2019 Seri B
AISA,3,0.037,3,9,,,Sukuk Ijarah TPS Food I Tahun 2013 | Obligasi TPS Food I Tahun 2013
WBSA-M,1,0.03,3,9,,,MTN PT BSA Logistics Indonesia I Tahun 2025
SSMM,2,0.0,3,9,,,Obligasi Sumberdaya Sewatama I Tahun 2012 Seri B | Sukuk Ijarah Sumberdaya Sewatama I Tahun 2012
MKSU-M,5,0.0,3,9,,,Surat Utang Jangka Panjang Mahkota Sentosa Utama I Tahun 201 | Surat Utang Jangka Panjang Mahkota Sentosa Utama I Tahun 201
SPMA,3,0.0,3,9,,,MTN Suparma III Tahun 2021 Tahap II | MTN V PT Suparma Tbk Tahun 2026 Tahap I
TAYS-M,1,0.0,3,9,,,MTN USD I PT Jaya Swarasa Agung Tbk Tahun 2023
